Title,Company,Location,Link
[하이브랩] Java 개발자 모집 (신입),(주)하이브랩,경기성남시 분당구,https://www.saramin.co.kr/zf_user/jobs/relay/view?isMypage=no&rec_idx=45005428#seq=0
JAVA 개발자 구인 (신입),(주)휴먼엔시스,서울송파구,https://www.saramin.co.kr/zf_user/jobs/relay/view?isMypage=no&rec_idx=44989990#seq=0
자바(Java) 개발자 신입 모집,(주)지케스,서울마포구,https://www.saramin.co.kr/zf_user/jobs/relay/view?isMypage=no&rec_idx=45022678#seq=0
JAVA 개발자 채용(신입),(주)비오시스템즈,서울금천구,https://www.saramin.co.kr/zf_user/jobs/relay/view?isMypage=no&rec_idx=45032390#seq=0
신입 JAVA 개발자 채용 (LG U-Camp 교육),(주)지엠솔루션,서울금천구,https://www.saramin.co.kr/zf_user/jobs/relay/view?isMypage=no&rec_idx=45121501#seq=0
"[성수역/건대역 인근] JAVA, JSP, Oracle 개발자(신입) 채용",(주)엠에스링크앤솔루션,서울성동구,https://www.saramin.co.kr/zf_user/jobs/relay/view?isMypage=no&rec_idx=44863684#seq=0
"[신입] JAVA, JSP, 웹, SI개발",(주)넥스트아이씨티,서울전체,https://www.saramin.co.kr/zf_user/jobs/relay/view?isMypage=no&rec_idx=44992976#seq=0
java/jsp 신입 SI개발자 모집,(주)넥스트아이씨티,서울전체,https://www.saramin.co.kr/zf_user/jobs/relay/view?isMypage=no&rec_idx=45040795#seq=0
시스템 유지보수 및 JAVA 신입 개발자 모집,(주)굿플랫폼,서울광진구,https://www.saramin.co.kr/zf_user/jobs/relay/view?isMypage=no&rec_idx=45047410#seq=0
JAVA 웹개발 프론트/백엔드 개발 채용 (신입),인써프,서울금천구,https://www.saramin.co.kr/zf_user/jobs/relay/view?isMypage=no&rec_idx=45032941#seq=0
농협프로젝트 전문 기업 JAVA 신입 개발자 채용,와트테크(WATTTECH),서울서초구,https://www.saramin.co.kr/zf_user/jobs/relay/view?isMypage=no&rec_idx=45026543#seq=0
(서울)JAVA개발자 채용합니다.,(주)심네트,서울금천구,https://www.saramin.co.kr/zf_user/jobs/relay/view?isMypage=no&rec_idx=45101496#seq=0
"[상장기업] C#, java 프로그래머 신입개발자 모집",(주)아이퀘스트,서울구로구,https://www.saramin.co.kr/zf_user/jobs/relay/view?isMypage=no&rec_idx=45155940#seq=0
Digital Transformation구현을 함께 할 자바(JAVA) 개발자 모집,(주)이즈파크,서울금천구,https://www.saramin.co.kr/zf_user/jobs/relay/view?isMypage=no&rec_idx=45075063#seq=0
Web/JAVA Spring/JQUERY 신입,㈜비오테크컨설팅,서울송파구,https://www.saramin.co.kr/zf_user/jobs/relay/view?isMypage=no&rec_idx=44988114#seq=0
스마트팩토리 구현을 함께 할 JAVA 개발자 모집,아스펜스(주),경기성남시 분당구,https://www.saramin.co.kr/zf_user/jobs/relay/view?isMypage=no&rec_idx=44981288#seq=0
JAVA 개발자 채용(보충역),(주)비오시스템즈,서울금천구,https://www.saramin.co.kr/zf_user/jobs/relay/view?isMypage=no&rec_idx=45032420#seq=0
[센텀인터넷] - 용인연구소 java 신입/경력 개발자 모집,(주)센텀인터넷,경기용인시 수지구,https://www.saramin.co.kr/zf_user/jobs/relay/view?isMypage=no&rec_idx=44838072#seq=0
스마트팩토리 S/W 개발자 채용 ( C# 또는 Java ),(주)플로소프트,경기용인시 기흥구,https://www.saramin.co.kr/zf_user/jobs/relay/view?isMypage=no&rec_idx=45098267#seq=0
Digital Transformation 구현을 함께 할 자바(JAVA) 개발자 모집,티엔씨파트너(주),서울구로구,https://www.saramin.co.kr/zf_user/jobs/relay/view?isMypage=no&rec_idx=45093614#seq=0
JAVA & JSP 웹프로그램 신입 개발자 모집,베스티안소프트,서울용산구,https://www.saramin.co.kr/zf_user/jobs/relay/view?isMypage=no&rec_idx=45124269#seq=0
미래를 함께할 JAVA 웹개발자 신입 사원 채용,(주)지트,경기안양시 동안구,https://www.saramin.co.kr/zf_user/jobs/relay/view?isMypage=no&rec_idx=45147282#seq=0
[신입] 개발자 모집 ( Java / Jsp ),(주)쓰리소프트플러스,서울중구,https://www.saramin.co.kr/zf_user/jobs/relay/view?isMypage=no&rec_idx=44880048#seq=0
[웹코리아] 웹 개발자 PHP  JAVA 초급/경력자 정규직 모집.,㈜웹코리아,서울마포구,https://www.saramin.co.kr/zf_user/jobs/relay/view?isMypage=no&rec_idx=44940679#seq=0
신입 JAVA 및 웹 퍼블리셔,에이블짐인포,서울송파구,https://www.saramin.co.kr/zf_user/jobs/relay/view?isMypage=no&rec_idx=45099253#seq=0
JAVA 웹개발 정규직원 채용(신입),(주)링크올,경기안양시 동안구,https://www.saramin.co.kr/zf_user/jobs/relay/view?isMypage=no&rec_idx=44876653#seq=0
[신입] 스마트  솔루션 SW개발-JAVA/,(주)비자림,서울강동구,https://www.saramin.co.kr/zf_user/jobs/relay/view?isMypage=no&rec_idx=44801150#seq=0
Java·JSP 자사 솔루션 유지보수 신입 개발자 채용,(주)에이치알인트로,서울구로구,https://www.saramin.co.kr/zf_user/jobs/relay/view?isMypage=no&rec_idx=44989287#seq=0
Java·JSP 신입 SI 개발자 채용,(주)에이치알인트로,서울구로구,https://www.saramin.co.kr/zf_user/jobs/relay/view?isMypage=no&rec_idx=44989309#seq=0
[신입] 프로그램 개발자(JAVA C#.NET) 채용,㈜나인에스티,서울구로구,https://www.saramin.co.kr/zf_user/jobs/relay/view?isMypage=no&rec_idx=45048911#seq=0
JAVA기반 웹 MES 프로그래머(신입),(주)비즈플러스글로벌,경기부천시,https://www.saramin.co.kr/zf_user/jobs/relay/view?isMypage=no&rec_idx=45138459#seq=0
PHP 및 JAVA 개발 담당자 채용,(사)대한안전교육협회,경기안양시 동안구,https://www.saramin.co.kr/zf_user/jobs/relay/view?isMypage=no&rec_idx=45014909#seq=0
S/W 개발자(신입)모집 ( JAVA / C# 등 ),(주)디젠트소프트,서울성동구,https://www.saramin.co.kr/zf_user/jobs/relay/view?isMypage=no&rec_idx=45084618#seq=0
"산업기능요원 정보처리 채용 [보충역] 개발 PHP, JAVA, SQL",(주)스마트동스쿨,서울마포구,https://www.saramin.co.kr/zf_user/jobs/relay/view?isMypage=no&rec_idx=45170574#seq=0
"웹개발, 기술지원  신입 자바 개발자 모집합니다(정규직)",(주)포도소프트웨어,서울금천구,https://www.saramin.co.kr/zf_user/jobs/relay/view?isMypage=no&rec_idx=45085626#seq=0
신입 개발자  모집합니다. (웹/자바 개발자),씽크엠,서울송파구,https://www.saramin.co.kr/zf_user/jobs/relay/view?isMypage=no&rec_idx=45022862#seq=0
2023년 상반기 신입사원 공개채용,노아에이티에스(주),서울전체,https://www.saramin.co.kr/zf_user/jobs/relay/view?isMypage=no&rec_idx=45148862#seq=0
[인턴십] Machine Learning Engineer - Robot Manipulation,네이버랩스(주),경기성남시 분당구,https://www.saramin.co.kr/zf_user/jobs/relay/view?isMypage=no&rec_idx=45149540#seq=0
[신입] 23년 상반기 신입사원 채용(IT Leadership Path),(주) LG CNS,서울전체,https://www.saramin.co.kr/zf_user/jobs/relay/view?isMypage=no&rec_idx=45207301#seq=0
[(주)인젠트] 2023년 상반기 대졸 신입 IT Player 공개채용(2차),(주)인젠트,서울영등포구,https://www.saramin.co.kr/zf_user/jobs/relay/view?isMypage=no&rec_idx=45159809#seq=0
Data Specialist 인턴(정규직 전환 가능),메가존클라우드(주),서울강남구,https://www.saramin.co.kr/zf_user/jobs/relay/view?isMypage=no&rec_idx=45110061#seq=0
[시드아이티] 개발팀 정규직 신입 Web Programmer를 모십니다...,(주)시드아이티,서울금천구,https://www.saramin.co.kr/zf_user/jobs/relay/view?isMypage=no&rec_idx=45167008#seq=0
[SEEDIT] 정규직 신입 web programmer를 모십니다.,(주)시드아이티,서울금천구,https://www.saramin.co.kr/zf_user/jobs/relay/view?isMypage=no&rec_idx=45167015#seq=0
웹개발/백엔드/서버개발 정규직 채용(신입),(주)엠넷소프트,서울금천구,https://www.saramin.co.kr/zf_user/jobs/relay/view?isMypage=no&rec_idx=44829858#seq=0
[Seekers Inc.]  신입 개발자 공개 채용,(주)씨커스,서울구로구,https://www.saramin.co.kr/zf_user/jobs/relay/view?isMypage=no&rec_idx=45162623#seq=0
보험개발원 부설 자동차기술연구소 정규직 직원 채용 공고,(사)보험개발원,경기이천시,https://www.saramin.co.kr/zf_user/jobs/relay/view?isMypage=no&rec_idx=45203621#seq=0
2023년 상반기 Android / IOS 앱개발  채용연계형 인턴채용,(주)아이티젠,서울전체,https://www.saramin.co.kr/zf_user/jobs/relay/view?isMypage=no&rec_idx=45001177#seq=0
2023 상반기 IT 연계 솔루션 프로젝트 수행 신입 채용,(주)메가투스,서울전체,https://www.saramin.co.kr/zf_user/jobs/relay/view?isMypage=no&rec_idx=45150149#seq=0
라이브커머스 구축 프로젝트 인턴 채용 (정규직 전환 가능),메가존클라우드(주),서울강남구,https://www.saramin.co.kr/zf_user/jobs/relay/view?isMypage=no&rec_idx=45115175#seq=0
[신입] 23년 상반기 신입사원 채용(IT Jump Up Path),(주) LG CNS,서울전체,https://www.saramin.co.kr/zf_user/jobs/relay/view?isMypage=no&rec_idx=45207150#seq=0
[신입] 웹 개발자 모집,소스팜(주),서울강남구,https://www.saramin.co.kr/zf_user/jobs/relay/view?isMypage=no&rec_idx=45140629#seq=0
WEB 개발자 신입 모집,(주)클러버스,서울서초구,https://www.saramin.co.kr/zf_user/jobs/relay/view?isMypage=no&rec_idx=45181431#seq=0
[신입] 웹 개발자 모집,체인팜 주식회사,서울강남구,https://www.saramin.co.kr/zf_user/jobs/relay/view?isMypage=no&rec_idx=45140625#seq=0
(주4.5일 도입예정) 비앤빛 안과 전산팀 신입 인재 채용,비앤빛강남밝은세상안과,서울전체,https://www.saramin.co.kr/zf_user/jobs/relay/view?isMypage=no&rec_idx=45181677#seq=0
SW 개발자 채용(전문연구요원가능),(주)블루버드,서울강남구,https://www.saramin.co.kr/zf_user/jobs/relay/view?isMypage=no&rec_idx=44996839#seq=0
IT 물류 시스템 개발 담당자 채용,(주)유진로지스틱스,서울용산구,https://www.saramin.co.kr/zf_user/jobs/relay/view?isMypage=no&rec_idx=45042635#seq=0
[신입] AI 기반 업무자동화(RPA) 구현 개발자 채용(서울),한국스코어링(주),서울영등포구,https://www.saramin.co.kr/zf_user/jobs/relay/view?isMypage=no&rec_idx=45169311#seq=0
[퓨렌스] 클라우드 시스템 엔지니어 (신입),퓨렌스(주),서울금천구,https://www.saramin.co.kr/zf_user/jobs/relay/view?isMypage=no&rec_idx=45110340#seq=0
DI사업부 개발인원 모집 (신입),이삭엔지니어링(주),경기군포시,https://www.saramin.co.kr/zf_user/jobs/relay/view?isMypage=no&rec_idx=45181946#seq=0
주니어 SI/SM 개발자 모집,세연아이넷(주),서울영등포구,https://www.saramin.co.kr/zf_user/jobs/relay/view?isMypage=no&rec_idx=45106865#seq=0
NHN KCP(주) IT시스템 운영부문 신입사원 채용,엔에이치엔한국사이버결제주식회사,서울구로구,https://www.saramin.co.kr/zf_user/jobs/relay/view?isMypage=no&rec_idx=45172826#seq=0
[모람씨앤티] 솔루션개발팀 웹개발자 신입 사원 모집,(주)모람씨앤티,서울광진구,https://www.saramin.co.kr/zf_user/jobs/relay/view?isMypage=no&rec_idx=44796809#seq=0
Spring&Javascript 정규직 모집(신입사원),올원테크(주),서울강서구,https://www.saramin.co.kr/zf_user/jobs/relay/view?isMypage=no&rec_idx=45162267#seq=0
신입 소프트웨어 개발자 모집,(주)로젠소프트,경기수원시 영통구,https://www.saramin.co.kr/zf_user/jobs/relay/view?isMypage=no&rec_idx=44872027#seq=0
2023년 상반기 웹개발자 채용 안내,(주)맑은에스,서울구로구,https://www.saramin.co.kr/zf_user/jobs/relay/view?isMypage=no&rec_idx=44997461#seq=0
"인포텍코퍼레이션(주) 운영, IT개발 인재 채용",인포텍코퍼레이션(주),서울성동구,https://www.saramin.co.kr/zf_user/jobs/relay/view?isMypage=no&rec_idx=45098745#seq=0
소프트웨어 기술지원 신입 및 경력 모집,(주)처음소프트,서울강남구,https://www.saramin.co.kr/zf_user/jobs/relay/view?isMypage=no&rec_idx=45045647#seq=0
[DMC] Android 개발자 신입 채용,(주)에쓰밴드,서울마포구,https://www.saramin.co.kr/zf_user/jobs/relay/view?isMypage=no&rec_idx=45102647#seq=0
(주)디엠테크컨설팅 (본사) 2023년 상반기 웹개발자 채용,(주)디엠테크컨설팅,경기화성시,https://www.saramin.co.kr/zf_user/jobs/relay/view?isMypage=no&rec_idx=45173347#seq=0
백엔드 개발자 - 신입 (연봉 3000),엘스(else),서울영등포구,https://www.saramin.co.kr/zf_user/jobs/relay/view?isMypage=no&rec_idx=45046999#seq=0
스타트기업 백엔드개발(병역특례) 구함(굿커리어),굿커리어,서울강남구,https://www.saramin.co.kr/zf_user/jobs/relay/view?isMypage=no&rec_idx=45205869#seq=0
2023 상반기 기술연구소 IT 개발 신입 채용,주식회사 에이데이타,서울성동구,https://www.saramin.co.kr/zf_user/jobs/relay/view?isMypage=no&rec_idx=45058432#seq=0
한일네트웍스 ERP 개발자 채용(신입),한일네트웍스(주),서울서초구,https://www.saramin.co.kr/zf_user/jobs/relay/view?isMypage=no&rec_idx=45209119#seq=0
윈도우 응용프로그램 개발자 신입사원 채용 #강소기업,(주)데이터로드,서울전체,https://www.saramin.co.kr/zf_user/jobs/relay/view?isMypage=no&rec_idx=44938984#seq=0
푸른저축은행 IT(전산) 업무 신입 모집,(주)푸른상호저축은행,서울서초구,https://www.saramin.co.kr/zf_user/jobs/relay/view?isMypage=no&rec_idx=45088458#seq=0
(주)스카이오토넷 - 영상처리 개발자 (병역특례-전문연구요원),(주)스카이오토넷,서울전체,https://www.saramin.co.kr/zf_user/jobs/relay/view?isMypage=no&rec_idx=45149999#seq=0
"응용프로그램 개발자#초봉3,300#정규직#역삼역",(주)아이티어솔루션,서울강남구,https://www.saramin.co.kr/zf_user/jobs/relay/view?isMypage=no&rec_idx=44897892#seq=0
[신입] 웹개발/SI개발/백엔드/서버개발 정규직 채용,(주)아이두소프트,경기안양시 동안구,https://www.saramin.co.kr/zf_user/jobs/relay/view?isMypage=no&rec_idx=45154396#seq=0
금융 시스템 개발 신입 사원 모집,(주)와이즈랩,경기성남시 분당구,https://www.saramin.co.kr/zf_user/jobs/relay/view?isMypage=no&rec_idx=45177582#seq=0
2023 상반기 Front-end / Back-end 신입 개발자 채용,(주)엘케이비티,서울성동구,https://www.saramin.co.kr/zf_user/jobs/relay/view?isMypage=no&rec_idx=44995363#seq=0
2023년 상반기 DX컨설팅팀 신입사원 모집,(주)디케이비엠시,서울강남구,https://www.saramin.co.kr/zf_user/jobs/relay/view?isMypage=no&rec_idx=44869421#seq=0
2023년 DK BMC  IT서비스 신입 팀원 모집,(주)디케이비엠시,서울강남구,https://www.saramin.co.kr/zf_user/jobs/relay/view?isMypage=no&rec_idx=44867838#seq=0
[외국계] 해외 AMAZON 온라인 마케팅 관리 부문 신입 인턴 모집,크리에이시브코리아 유한회사,서울서초구,https://www.saramin.co.kr/zf_user/jobs/relay/view?isMypage=no&rec_idx=45017765#seq=0
소프트웨어 연구 엔지니어 신입채용 (정규직),(주)이콜트리,서울강남구,https://www.saramin.co.kr/zf_user/jobs/relay/view?isMypage=no&rec_idx=44922629#seq=0
빅데이터 AI 스타트업 스피치로그 인턴 채용,스피치로그(주),서울용산구,https://www.saramin.co.kr/zf_user/jobs/relay/view?isMypage=no&rec_idx=45086541#seq=0
[NIT Service] 네이버 파이낸셜 플랫폼 운영,엔아이티서비스 주식회사,경기성남시 분당구,https://www.saramin.co.kr/zf_user/jobs/relay/view?isMypage=no&rec_idx=45034956#seq=0
뱅킹 시스템 개발자 (신입),(주)디지틀랩,서울마포구,https://www.saramin.co.kr/zf_user/jobs/relay/view?isMypage=no&rec_idx=45047876#seq=0
[메가존 계열사] Back-End 개발자 (신입/경력),(주)나임네트웍스,서울강남구,https://www.saramin.co.kr/zf_user/jobs/relay/view?isMypage=no&rec_idx=44830531#seq=0
23년도 백엔드 개발자 신입 채용,(주)스페이드컴퍼니,서울강남구,https://www.saramin.co.kr/zf_user/jobs/relay/view?isMypage=no&rec_idx=45132479#seq=0
S/W 개발 신입사원 채용(주로 모바일 제품),보은전자방송통신㈜,서울강서구,https://www.saramin.co.kr/zf_user/jobs/relay/view?isMypage=no&rec_idx=45109303#seq=0
전산관리 및 ERP유지관리 담당자 모집,(주)일흥,경기포천시,https://www.saramin.co.kr/zf_user/jobs/relay/view?isMypage=no&rec_idx=45207367#seq=0
프로그램 설계 및 개발부문 신입 인재채용,(주)두타아이티,경기화성시,https://www.saramin.co.kr/zf_user/jobs/relay/view?isMypage=no&rec_idx=45166591#seq=0
TLSVPN 연구 개발  정규직 모집,(주)퓨쳐텍정보통신,경기성남시 분당구,https://www.saramin.co.kr/zf_user/jobs/relay/view?isMypage=no&rec_idx=44841452#seq=0
(주)윈스 2023년 전문연구요원 채용(병역특례),(주)윈스,경기성남시 분당구,https://www.saramin.co.kr/zf_user/jobs/relay/view?isMypage=no&rec_idx=45065396#seq=0
[KSTEC] Optimization & AI  기술융합 신입 컨설턴트 모집,지식시스템㈜ KSTEC Inc.,경기성남시 분당구,https://www.saramin.co.kr/zf_user/jobs/relay/view?isMypage=no&rec_idx=45134394#seq=0
[KSTEC] Prescriptive Analytics 컨설턴트 신입 채용,지식시스템㈜ KSTEC Inc.,경기성남시 분당구,https://www.saramin.co.kr/zf_user/jobs/relay/view?isMypage=no&rec_idx=45134400#seq=0
웹 응용프로그램 개발 정규직 채용(신입사원),(주)허브시스템즈,서울성동구,https://www.saramin.co.kr/zf_user/jobs/relay/view?isMypage=no&rec_idx=44811152#seq=0
[NHN Cloud] 보안관제 (김해 근무),엔에이치엔클라우드(주),경기성남시 분당구,https://www.saramin.co.kr/zf_user/jobs/relay/view?isMypage=no&rec_idx=44935995#seq=0
[조셉앤스테이시] DX IT개발 채용,(주)제이앤에스미디어,서울성동구,https://www.saramin.co.kr/zf_user/jobs/relay/view?isMypage=no&rec_idx=45128438#seq=0
Windows 신입 개발자 채용,피에스아이플러스 주식회사,경기수원시 영통구,https://www.saramin.co.kr/zf_user/jobs/relay/view?isMypage=no&rec_idx=45200485#seq=0
[재능그룹] JEI 재능e아카데미 개발자 채용(신입),(주)재능이아카데미,서울종로구,https://www.saramin.co.kr/zf_user/jobs/relay/view?isMypage=no&rec_idx=45180821#seq=0
[고졸] RPA 스크립트 개발자 채용,(주)링크제니시스,경기안양시 동안구,https://www.saramin.co.kr/zf_user/jobs/relay/view?isMypage=no&rec_idx=45146731#seq=0
병역특례 AI 개발자 모집 (상시채용),한솔코에버(주),서울금천구,https://www.saramin.co.kr/zf_user/jobs/relay/view?isMypage=no&rec_idx=44840625#seq=0
병역특례 AI 개발자 모집,한솔코에버(주),서울금천구,https://www.saramin.co.kr/zf_user/jobs/relay/view?isMypage=no&rec_idx=45131217#seq=0
연구소개발부 S/W  신입사원 채용,(주)남강하이테크,경기성남시 중원구,https://www.saramin.co.kr/zf_user/jobs/relay/view?isMypage=no&rec_idx=45069401#seq=0
[기술연구소] 신입 R&D 연구원 모집 공고,(주)스마트컨버전스,서울강서구,https://www.saramin.co.kr/zf_user/jobs/relay/view?isMypage=no&rec_idx=45080053#seq=0
영업부 신입사원 채용,금아데이타테크(주),경기성남시 분당구,https://www.saramin.co.kr/zf_user/jobs/relay/view?isMypage=no&rec_idx=44852992#seq=0
"응용프로그램, 웹 개발자 (신입/경력) 모집 (서울)",(주) BEAN,서울구로구,https://www.saramin.co.kr/zf_user/jobs/relay/view?isMypage=no&rec_idx=44900491#seq=0
소프트웨어  QA / QC 모집,스마티소프트(주),경기성남시 수정구,https://www.saramin.co.kr/zf_user/jobs/relay/view?isMypage=no&rec_idx=45143639#seq=0
응용프로그램 개발 신입사원 채용,(주)천명시스템,서울강남구,https://www.saramin.co.kr/zf_user/jobs/relay/view?isMypage=no&rec_idx=45155198#seq=0
"솔루션 구축(설치, Configuration), 유지보수 (신입, 경력)",엘에스티소프트(주),서울금천구,https://www.saramin.co.kr/zf_user/jobs/relay/view?isMypage=no&rec_idx=44835676#seq=0
[웹 기반 CRM 솔루션 및 클라우드 서비스 개발]  신입 채용,(주)유비커스,서울마포구,https://www.saramin.co.kr/zf_user/jobs/relay/view?isMypage=no&rec_idx=45076240#seq=0
미들웨어 엔지니정규직 채용(신입기준 연봉 3200이상),(주)싸이웰시스템,서울강서구,https://www.saramin.co.kr/zf_user/jobs/relay/view?isMypage=no&rec_idx=45134487#seq=0
생산 및 출고 / CNC작업 배우면서하실분 모십니다,주식회사 보다,경기화성시,https://www.saramin.co.kr/zf_user/jobs/relay/view?isMypage=no&rec_idx=45040007#seq=0
[정규직] 현장 방역소독 엔지니어 신입 채용 공고 (경기남부지역,자바드림,서울광진구,https://www.saramin.co.kr/zf_user/jobs/relay/view?isMypage=no&rec_idx=45133580#seq=0
[신입/개발] JAVA 웹개발자,(주)넥스프론,서울전체,https://www.saramin.co.kr/zf_user/jobs/relay/view?isMypage=no&rec_idx=45200256#seq=0
"금융IT, 은행IT, 증권IT, 프론트엔드, 백엔드, React, Next.js, Spring, Java, Django, Python 개발자",(주)이프정보시스템,서울전체,https://www.saramin.co.kr/zf_user/jobs/relay/view?isMypage=no&rec_idx=45181473#seq=0
"IT 운영/개발 신입, 경력직 채용의 건 (C# ASP.NET, java)",(주)사조시스템즈,서울전체,https://www.saramin.co.kr/zf_user/jobs/relay/view?isMypage=no&rec_idx=45169556#seq=0
"오토플러스(주) JAVA , 앱 개발 담당자 채용",오토플러스(주),서울영등포구,https://www.saramin.co.kr/zf_user/jobs/relay/view?isMypage=no&rec_idx=45006816#seq=0
개발직 경력 및 전문연구요원 채용 - JAVA/백엔드/전문연구요원,(주)코비젼,서울전체,https://www.saramin.co.kr/zf_user/jobs/relay/view?isMypage=no&rec_idx=45146335#seq=0
JAVA 웹 개발자 채용,㈜모니터랩,서울구로구,https://www.saramin.co.kr/zf_user/jobs/relay/view?isMypage=no&rec_idx=45098269#seq=0
프로젝트팀 JAVA /Vue.js 웹개발 정직원 (초급/중급),그로윈(주),서울중구,https://www.saramin.co.kr/zf_user/jobs/relay/view?isMypage=no&rec_idx=45153460#seq=0
[맥스피아]JAVA 운영 웹개발자채용합니다[Spring],(주)맥스피아,서울구로구,https://www.saramin.co.kr/zf_user/jobs/relay/view?isMypage=no&rec_idx=45193121#seq=0
[신입/경력] JAVA/JSP WEB개발/데이터영업/사업수행/클라우드 엔지니어 모집,(주)솔트룩스이노베이션,서울전체,https://www.saramin.co.kr/zf_user/jobs/relay/view?isMypage=no&rec_idx=44919815#seq=0
(주)월급날 전산팀 JAVA 웹 개발자 신입/경력 모집,(주)월급날,서울영등포구,https://www.saramin.co.kr/zf_user/jobs/relay/view?isMypage=no&rec_idx=45154347#seq=0
"[신입/경력]웹개발자(Spring, java, .NET) 정규직/프리랜서 채용",(주)더위버크리에이티브,서울서초구,https://www.saramin.co.kr/zf_user/jobs/relay/view?isMypage=no&rec_idx=45192509#seq=0
[AI 세금신고 1위 SSEM] 백엔드(Java) 개발자 채용 (신입가능),(주)널리소프트,서울전체,https://www.saramin.co.kr/zf_user/jobs/relay/view?isMypage=no&rec_idx=45006956#seq=0
[강남역] Java 백엔드/프론트엔드 개발자 신입/경력,메버,서울강남구,https://www.saramin.co.kr/zf_user/jobs/relay/view?isMypage=no&rec_idx=45090619#seq=0
[MILVUS] 솔루션 웹 개발자 채용 안내 (Java/kotlin/Spring),(주)밀버스,서울강남구,https://www.saramin.co.kr/zf_user/jobs/relay/view?isMypage=no&rec_idx=45146529#seq=0
(주)우리ICT Java/JSP Web 개발자 모집 (신입/경력),(주)우리아이시티,서울금천구,https://www.saramin.co.kr/zf_user/jobs/relay/view?isMypage=no&rec_idx=45198765#seq=0
"웹개발(JAVA,JSP)신입&경력 정규직 프리랜서 채용",위캔소프트,서울송파구,https://www.saramin.co.kr/zf_user/jobs/relay/view?isMypage=no&rec_idx=45193099#seq=0
"2023-1차) java, jsp, Nexacro 웹개발자/ MiAPS 개발자 채용",(주)진코퍼레이션,서울금천구,https://www.saramin.co.kr/zf_user/jobs/relay/view?isMypage=no&rec_idx=44909649#seq=0
"[4.5일 자율근무] 웹/앱, JAVA 개발 & 시스템 엔지니어 채용",이케이 주식회사,경기용인시 기흥구,https://www.saramin.co.kr/zf_user/jobs/relay/view?isMypage=no&rec_idx=44909639#seq=0
"웹개발자 (C#, Java) 신입 / 경력 정규직 채용 (서울 본사 상주)",디포커스(주),서울성동구,https://www.saramin.co.kr/zf_user/jobs/relay/view?isMypage=no&rec_idx=45045369#seq=0
"JAVA, WEB 개발 및 운영 인력 모집",(주)이썸테크,서울강남구,https://www.saramin.co.kr/zf_user/jobs/relay/view?isMypage=no&rec_idx=45184883#seq=0
[미디어젠] 웹기반 JAVA개발자 상시채용,미디어젠(주),서울강서구,https://www.saramin.co.kr/zf_user/jobs/relay/view?isMypage=no&rec_idx=45112665#seq=0
[Java] 신입/경력 WEB 개발자 모집합니다.,케이투웹테크(주),서울금천구,https://www.saramin.co.kr/zf_user/jobs/relay/view?isMypage=no&rec_idx=45116295#seq=0
"[상장기업] JAVA 웹개발, 안드로이드앱(JAVA) 개발자 모집",(주)아이퀘스트,서울구로구,https://www.saramin.co.kr/zf_user/jobs/relay/view?isMypage=no&rec_idx=45155918#seq=0
"[JAVA/JSP/SI] 신입, 경력 웹개발자 채용",이에스이(주),경기성남시,https://www.saramin.co.kr/zf_user/jobs/relay/view?isMypage=no&rec_idx=44811840#seq=0
[JAVA/JSP] 웹개발자 채용,이에스이(주),경기성남시 분당구,https://www.saramin.co.kr/zf_user/jobs/relay/view?isMypage=no&rec_idx=45047026#seq=0
"[서울형강소기업] 웹프로그래머 모집(JAVA,개발자)-신입 및 경력",(주)커머스웨어,서울성동구,https://www.saramin.co.kr/zf_user/jobs/relay/view?isMypage=no&rec_idx=45203644#seq=0
프론트엔드/백엔드/Java/C++ 신입경력개발자 채용,㈜엠투소프트,서울성동구,https://www.saramin.co.kr/zf_user/jobs/relay/view?isMypage=no&rec_idx=45207312#seq=0
[신입/경력]  Java 개발자,(주)레이풀시스템,서울송파구,https://www.saramin.co.kr/zf_user/jobs/relay/view?isMypage=no&rec_idx=45020758#seq=0
[신입/경력][JAVA] 금융 솔루션 개발자 모집,한국스코어링(주),서울영등포구,https://www.saramin.co.kr/zf_user/jobs/relay/view?isMypage=no&rec_idx=45026173#seq=0
(주)라톤테크 JAVA 개발자 모집(신입/경력),(주)라톤테크,서울금천구,https://www.saramin.co.kr/zf_user/jobs/relay/view?isMypage=no&rec_idx=45178939#seq=0
"JAVA 개발자 ( SI / SM ) 신입, 경력 사원 채용",(주)디지털플러스시스템,서울영등포구,https://www.saramin.co.kr/zf_user/jobs/relay/view?isMypage=no&rec_idx=45156436#seq=0
소프트웨어 개발 (Java) 신입 및 경력 모집,마인드원(주),서울강남구,https://www.saramin.co.kr/zf_user/jobs/relay/view?isMypage=no&rec_idx=44849692#seq=0
[맥스피아]JAVA 운영 웹개발자채용합니다[Vue.js],(주)맥스피아,서울구로구,https://www.saramin.co.kr/zf_user/jobs/relay/view?isMypage=no&rec_idx=45196680#seq=0
[맥스피아]JAVA 운영 웹개발자채용합니다[Node.js],(주)맥스피아,서울구로구,https://www.saramin.co.kr/zf_user/jobs/relay/view?isMypage=no&rec_idx=45196263#seq=0
(주) 에이트원 Web Application(JAVA) 경력 및 신입 개발자 모집,(주)에이트원,서울강남구,https://www.saramin.co.kr/zf_user/jobs/relay/view?isMypage=no&rec_idx=45042683#seq=0
Java/JSP/Python/빅데이터/AI 분야 신입~경력직 채용,미래아이티(주),서울송파구,https://www.saramin.co.kr/zf_user/jobs/relay/view?isMypage=no&rec_idx=45182099#seq=0
jAVA 개발자,(주)올레이어,서울영등포구,https://www.saramin.co.kr/zf_user/jobs/relay/view?isMypage=no&rec_idx=45186741#seq=0
2023년도 JAVA 기반 웹 개발자(SI/SM) 신입 채용,(주)이트리즈시스템,서울구로구,https://www.saramin.co.kr/zf_user/jobs/relay/view?isMypage=no&rec_idx=44847155#seq=0
"(주)지오앤 JAVA/JSP/Python 개발자, PM/PL 채용공고(신입/경력)",(주)지오앤,서울금천구,https://www.saramin.co.kr/zf_user/jobs/relay/view?isMypage=no&rec_idx=44895713#seq=0
(주)지오앤 기술개발센터 JAVA/JSP 웹 개발자 채용공고,(주)지오앤,서울금천구,https://www.saramin.co.kr/zf_user/jobs/relay/view?isMypage=no&rec_idx=45017139#seq=0
2023년도 JAVA 웹 개발자(SI/SM) 신입 채용,(주)이트리즈시스템,서울구로구,https://www.saramin.co.kr/zf_user/jobs/relay/view?isMypage=no&rec_idx=45043401#seq=0
신입/경력 Java 계열 Developer를 모집합니다.,(주)지산웨어,서울구로구,https://www.saramin.co.kr/zf_user/jobs/relay/view?isMypage=no&rec_idx=44898360#seq=0
[정규직] (주)이지서티 본사 JAVA 개발 직군 정규직 채용,주식회사 이지서티,서울강남구,https://www.saramin.co.kr/zf_user/jobs/relay/view?isMypage=no&rec_idx=44853968#seq=0
자바(JAVA) 기반 대량메일솔루션 개발자 모집,(주)앤드와이즈,서울강남구,https://www.saramin.co.kr/zf_user/jobs/relay/view?isMypage=no&rec_idx=45096890#seq=0
"웹개발(JAVA, JSP, Spring boot, RDBMS) 경력 및 신입 채용",(주)에코시안,서울금천구,https://www.saramin.co.kr/zf_user/jobs/relay/view?isMypage=no&rec_idx=45171617#seq=0
"JAVA, 웹 개발자 모집 (LGU+ 프로젝트)",(주)넥스그리드,서울강서구,https://www.saramin.co.kr/zf_user/jobs/relay/view?isMypage=no&rec_idx=45208384#seq=0
"여행 IT 개발자(JAVA, Spring) 정규직 채용",(주) 틱스잇,서울성동구,https://www.saramin.co.kr/zf_user/jobs/relay/view?isMypage=no&rec_idx=44943612#seq=0
"[상시채용] 제조 빅데이터 수집분석 솔루션개발자-C#,C/C++,Java",(주)두플,경기성남시 분당구,https://www.saramin.co.kr/zf_user/jobs/relay/view?isMypage=no&rec_idx=44938019#seq=0
웹개발자 (JAVA개발) 채용,(주)다이나시스템,서울전체,https://www.saramin.co.kr/zf_user/jobs/relay/view?isMypage=no&rec_idx=45077673#seq=0
JAVA개발자 모집 (정규직),(주)이앤아이커뮤니티,서울영등포구,https://www.saramin.co.kr/zf_user/jobs/relay/view?isMypage=no&rec_idx=45019715#seq=0
[페이스토리] PG 서비스 백앤드 개발(Java개발),(주)페이스토리,서울구로구,https://www.saramin.co.kr/zf_user/jobs/relay/view?isMypage=no&rec_idx=45113452#seq=0
"경력 JAVA/JSP/WEB, Springframework 개발자 [안양]",(주)텍트원,서울전체,https://www.saramin.co.kr/zf_user/jobs/relay/view?isMypage=no&rec_idx=44826779#seq=0
(주)이노시스컴퍼니 JAVA 신입/경력 개발자 모집,(주)이노시스컴퍼니,서울구로구,https://www.saramin.co.kr/zf_user/jobs/relay/view?isMypage=no&rec_idx=45178816#seq=0
[위킵] 개발팀 Java 웹 개발자 경력직 채용,위킵 주식회사,서울구로구,https://www.saramin.co.kr/zf_user/jobs/relay/view?isMypage=no&rec_idx=45185501#seq=0
IT개발·데이터(Java&Spring&JSP&ERP外 3개 부문) 채용,(주)매그넘브릿지,서울전체,https://www.saramin.co.kr/zf_user/jobs/relay/view?isMypage=no&rec_idx=44965645#seq=0
웹 개발자 - JAVA/SPRING,(주)애니로직,서울금천구,https://www.saramin.co.kr/zf_user/jobs/relay/view?isMypage=no&rec_idx=44863475#seq=0
웹 개발자 - JAVA/SPRING (신입/경력) 모집,(주)애니로직,서울금천구,https://www.saramin.co.kr/zf_user/jobs/relay/view?isMypage=no&rec_idx=44863467#seq=0
2022년  Java·JSP 신입&경력 채용,(주)씨엘정보기술,서울구로구,https://www.saramin.co.kr/zf_user/jobs/relay/view?isMypage=no&rec_idx=45073183#seq=0
"[신입, 경력] JAVA 웹개발 정규직 채용 (SI / SM)",(주)다원씨아이에스,서울금천구,https://www.saramin.co.kr/zf_user/jobs/relay/view?isMypage=no&rec_idx=44976947#seq=0
(주)수인소프트 JAVA 개발자 채용(신입 및 경력),(주)수인소프트,서울금천구,https://www.saramin.co.kr/zf_user/jobs/relay/view?isMypage=no&rec_idx=45011736#seq=0
빅데이터 Java/Spring Backend 개발자 채용(취업축하금 지급),(주)이팝콘,서울서초구,https://www.saramin.co.kr/zf_user/jobs/relay/view?isMypage=no&rec_idx=45073797#seq=0
"JAVA, C#  MES ERP",(주)케이언트,서울금천구,https://www.saramin.co.kr/zf_user/jobs/relay/view?isMypage=no&rec_idx=45191913#seq=0
[경력] JAVA 개발자 정규직 채용,(주)미라벨소프트,서울서초구,https://www.saramin.co.kr/zf_user/jobs/relay/view?isMypage=no&rec_idx=45169771#seq=0
"웹개발(Java·JSP, 프론트엔드, Ajax) 채용",(주)엔피처스,서울성동구,https://www.saramin.co.kr/zf_user/jobs/relay/view?isMypage=no&rec_idx=45015242#seq=0
"출판사 전용  Ko-Pub ERP 출시로 CSharp, Java 개발자 대거 모집",㈜마인정보기술,서울서초구,https://www.saramin.co.kr/zf_user/jobs/relay/view?isMypage=no&rec_idx=45194472#seq=0
"초급 웹 개발자(Java, JSP, ajax) 정규직 모집 공고",(주)소프트디비코리아,서울서초구,https://www.saramin.co.kr/zf_user/jobs/relay/view?isMypage=no&rec_idx=45126010#seq=0
개발자(java) 및 경영지원 정규직 채용,트리니티디아이비(주),서울양천구,https://www.saramin.co.kr/zf_user/jobs/relay/view?isMypage=no&rec_idx=45149775#seq=0
"[신입/경력] 웹 개발자 (JAVA, 전자정부프레임워크)",(주)라임에스,서울전체,https://www.saramin.co.kr/zf_user/jobs/relay/view?isMypage=no&rec_idx=45066695#seq=0
"(주)판옵티콘 프론트앤드, 백앤드, JAVA 신입개발자 모집",(주)판옵티콘,서울강서구,https://www.saramin.co.kr/zf_user/jobs/relay/view?isMypage=no&rec_idx=45145434#seq=0
JAVA 개발자(신입/경력) 모집,㈜씨피엠에스,경기안산시 단원구,https://www.saramin.co.kr/zf_user/jobs/relay/view?isMypage=no&rec_idx=45056484#seq=0
JAVA 개발자 모집,플러거소프트,서울강남구,https://www.saramin.co.kr/zf_user/jobs/relay/view?isMypage=no&rec_idx=45105291#seq=0
JAVA 웹 초급 개발자 모십니다.,(주)솔게이트,서울종로구,https://www.saramin.co.kr/zf_user/jobs/relay/view?isMypage=no&rec_idx=45014832#seq=0
java 개발및 운영 경력무관 채용(정규직),휴먼앤테크,서울금천구,https://www.saramin.co.kr/zf_user/jobs/relay/view?isMypage=no&rec_idx=45023064#seq=0
현대제철 시스템 운영 JAVA  웹개발자 모집,(주)새롬시스템,서울서초구,https://www.saramin.co.kr/zf_user/jobs/relay/view?isMypage=no&rec_idx=45144651#seq=0
"[신입, 경력] JAVA , Front-end 개발자",(주)아인즈,경기성남시 분당구,https://www.saramin.co.kr/zf_user/jobs/relay/view?isMypage=no&rec_idx=45182647#seq=0
백엔드 프로그램  java 및 웹 개발 연구소 직원 프로그래머 모집,(주)하솜정보기술,서울마포구,https://www.saramin.co.kr/zf_user/jobs/relay/view?isMypage=no&rec_idx=45077442#seq=0
C#/Java/Spring / App 외 정규직 채용(신입/경력),(주)아고스,서울금천구,https://www.saramin.co.kr/zf_user/jobs/relay/view?isMypage=no&rec_idx=45109992#seq=0
"[MD, PHP, JAVA, 웹디자인] 신입/경력 채용",(주)지이씨엘코리아,서울전체,https://www.saramin.co.kr/zf_user/jobs/relay/view?isMypage=no&rec_idx=45181775#seq=0
Java 개발자 신입/경력 정규직 채용,위버로프트(주),서울구로구,https://www.saramin.co.kr/zf_user/jobs/relay/view?isMypage=no&rec_idx=45185447#seq=0
(주)우리ICT Java 웹 개발자 모집(신입/경력),(주)우리아이시티,서울금천구,https://www.saramin.co.kr/zf_user/jobs/relay/view?isMypage=no&rec_idx=45198751#seq=0
웹개발(PHP&Java·JSP&HTML&Ajax) 신입/경력 모집,(주)컨설트인사이드,서울금천구,https://www.saramin.co.kr/zf_user/jobs/relay/view?isMypage=no&rec_idx=45197067#seq=0
[수내]JAVA 운영,씨앤토트플러스(주),경기성남시 분당구,https://www.saramin.co.kr/zf_user/jobs/relay/view?isMypage=no&rec_idx=45058947#seq=0
[KT그룹사] 암호모듈 (JAVA개발) 신입 및 경력 모집,이니텍(주),서울구로구,https://www.saramin.co.kr/zf_user/jobs/relay/view?isMypage=no&rec_idx=45018006#seq=0
[청년일자리도약] JAVA / 디자인 / Database / 서버 / 구매 모집,(주)트루본,경기성남시 분당구,https://www.saramin.co.kr/zf_user/jobs/relay/view?isMypage=no&rec_idx=45150663#seq=0
(주)디지캡 JAVA 개발자 경력사원 모집,(주)디지캡,서울강서구,https://www.saramin.co.kr/zf_user/jobs/relay/view?isMypage=no&rec_idx=45009841#seq=0
"시스템 개발 및 유지보수 인력 채용(JAVA, JSP, ORACLE)",한국문헌정보기술(주),서울용산구,https://www.saramin.co.kr/zf_user/jobs/relay/view?isMypage=no&rec_idx=45163793#seq=0
제품개발그룹 JAVA백엔드 개발자 모집,(주)씨유박스,서울전체,https://www.saramin.co.kr/zf_user/jobs/relay/view?isMypage=no&rec_idx=45211380#seq=0
엠포플러스와 함께할 JAVA 개발자 경력자 모집,엠포플러스(주),서울성동구,https://www.saramin.co.kr/zf_user/jobs/relay/view?isMypage=no&rec_idx=44933990#seq=0
[퀄리티아] 신입 및 경력직 자바 java 웹 개발자 모집,퀄리티아(주),서울강남구,https://www.saramin.co.kr/zf_user/jobs/relay/view?isMypage=no&rec_idx=44799251#seq=0
"소프트웨어 개발(C#, JAVA) 신입 및 경력자 모집",(주)유비즈솔루션,경기용인시 수지구,https://www.saramin.co.kr/zf_user/jobs/relay/view?isMypage=no&rec_idx=45144571#seq=0
[금융권 대기업/카드사]  JAVA 개발자 신입 모집합니다.,넥시큐어시스템테크놀로지 주식회사,서울영등포구,https://www.saramin.co.kr/zf_user/jobs/relay/view?isMypage=no&rec_idx=44803058#seq=0
(주)애니파이브 JAVA 개발자 신입 / 경력 채용,㈜애니파이브,서울구로구,https://www.saramin.co.kr/zf_user/jobs/relay/view?isMypage=no&rec_idx=44794749#seq=0
신입/경력 JAVA 개발자 모집합니다.,(주)이원정보기술,경기성남시 분당구,https://www.saramin.co.kr/zf_user/jobs/relay/view?isMypage=no&rec_idx=45000418#seq=0
"충남 당진. 공기업 업무시스템 유지보수 SM 중급/초급(Java,웹)",드림소프트웨어(주),서울서초구,https://www.saramin.co.kr/zf_user/jobs/relay/view?isMypage=no&rec_idx=44919746#seq=0
JAVA / VUE 웹개발 경력 및 신입 모집 - 재택가능,(주)메씨인터내셔날,서울서초구,https://www.saramin.co.kr/zf_user/jobs/relay/view?isMypage=no&rec_idx=45034582#seq=0
오랫동안 함께할 JAVA 전문가를 채용합니다,(주)에이케이플러스,서울종로구,https://www.saramin.co.kr/zf_user/jobs/relay/view?isMypage=no&rec_idx=45081879#seq=0
[맥스피아]웹개발자 정직원채용(JAVA 내일채움공제)합니다,(주)맥스피아,서울구로구,https://www.saramin.co.kr/zf_user/jobs/relay/view?isMypage=no&rec_idx=45195179#seq=0
[맥스피아]JAVA Android운영 앱개발자채용합니다,(주)맥스피아,서울구로구,https://www.saramin.co.kr/zf_user/jobs/relay/view?isMypage=no&rec_idx=45196790#seq=0
(스타트업/기술연구소) JAVA/Ruby 백엔드 경력 개발자 모집,(주)엘핀,서울강서구,https://www.saramin.co.kr/zf_user/jobs/relay/view?isMypage=no&rec_idx=44801226#seq=0
"SW(소프트웨어), Oracle, Java  개발자 모집 (정규직)",(주)이앤아이컴즈,서울영등포구,https://www.saramin.co.kr/zf_user/jobs/relay/view?isMypage=no&rec_idx=45020993#seq=0
[청년디지털일자리]2023년 상반기 Java개발 신입/경력 사원 채용,인스피언(주),서울금천구,https://www.saramin.co.kr/zf_user/jobs/relay/view?isMypage=no&rec_idx=45040144#seq=0
"오렌지아이 Java 웹 개발자 채용 (판교, 수원)",(주)오렌지아이,경기성남시 분당구,https://www.saramin.co.kr/zf_user/jobs/relay/view?isMypage=no&rec_idx=45128092#seq=0
JAVA 웹개발 경력/신입 채용,유한테크노스(주),서울강서구,https://www.saramin.co.kr/zf_user/jobs/relay/view?isMypage=no&rec_idx=45096224#seq=0
함께 할 JSP JAVA 프로그래머 채용합니다.(경력신입),(주)애니인포넷,서울서초구,https://www.saramin.co.kr/zf_user/jobs/relay/view?isMypage=no&rec_idx=45097836#seq=0
"[2023년 개발팀 공채] JAVA, JSP 개발자 신입,경력 모집",(주)티젠소프트,서울금천구,https://www.saramin.co.kr/zf_user/jobs/relay/view?isMypage=no&rec_idx=44896800#seq=0
Spring(java/javaScript/mybatis)기반  ERP 개발 및 유지보수,하이퍼테크,서울마포구,https://www.saramin.co.kr/zf_user/jobs/relay/view?isMypage=no&rec_idx=44823333#seq=0
미소정보기술 미소헬스케어 JAVA/JSP 신입 및 경력직 모집,(주)미소정보기술,서울강남구,https://www.saramin.co.kr/zf_user/jobs/relay/view?isMypage=no&rec_idx=45166326#seq=0
Digital Transformation 구현을 함께 할 자바(JAVA) 개발자 모집,아티스시스템(주),서울금천구,https://www.saramin.co.kr/zf_user/jobs/relay/view?isMypage=no&rec_idx=44860612#seq=0
WEB개발 / JAVA개발자 신입/경력 각각 채용,(주)채움씨앤아이,서울금천구,https://www.saramin.co.kr/zf_user/jobs/relay/view?isMypage=no&rec_idx=44976653#seq=0
"[이지서티]개인정보보호 보안소프트웨어 개발자(JAVA, R 등)",(주)이지서티,서울강남구,https://www.saramin.co.kr/zf_user/jobs/relay/view?isMypage=no&rec_idx=44854823#seq=0
[빗썸메타] 블록개발실 Back End - Java 경력 개발자 모집,주식회사 빗썸메타,서울강남구,https://www.saramin.co.kr/zf_user/jobs/relay/view?isMypage=no&rec_idx=44987043#seq=0
[핀테크] 파운트 백엔드 엔지니어(JAVA)(3년 이상),(주)파운트,서울중구,https://www.saramin.co.kr/zf_user/jobs/relay/view?isMypage=no&rec_idx=45066445#seq=0
[신입 및 경력] 웹 개발자 ( JAVA / JSP / SPRING ),(주)호넷소프트,경기수원시 권선구,https://www.saramin.co.kr/zf_user/jobs/relay/view?isMypage=no&rec_idx=45149549#seq=0
"빅데이터 플랫폼 개발운영, Web/Java 기반 솔루션 연구개발 모집",비코어(주),서울성동구,https://www.saramin.co.kr/zf_user/jobs/relay/view?isMypage=no&rec_idx=45157376#seq=0
"개발자모집(C#, SQL, JAVA, Spring, WEB)",비에스엔씨(주),서울강서구,https://www.saramin.co.kr/zf_user/jobs/relay/view?isMypage=no&rec_idx=45167633#seq=0
JSP/Java 웹개발자를 모십니다.,(주)스마트플랫,서울금천구,https://www.saramin.co.kr/zf_user/jobs/relay/view?isMypage=no&rec_idx=44804090#seq=0
Java 기반 서버 백엔드 개발/운영 담당 모집,(주)엣데이터,경기성남시 분당구,https://www.saramin.co.kr/zf_user/jobs/relay/view?isMypage=no&rec_idx=45017153#seq=0
"2023년 상반기 정규직 JAVA 웹 개발자 모집 (신입, 경력)",(주)테라정보보호,서울영등포구,https://www.saramin.co.kr/zf_user/jobs/relay/view?isMypage=no&rec_idx=45154866#seq=0
IT 각 분야별 채용(웹 개발/미들웨어/Java/유지보수/기술지원),(주)코드빌,경기성남시 중원구,https://www.saramin.co.kr/zf_user/jobs/relay/view?isMypage=no&rec_idx=45007490#seq=0
JAVA 웹개발자 신입 및 경력 채용 - 평택 근무,(주)유림정보시스템,경기평택시,https://www.saramin.co.kr/zf_user/jobs/relay/view?isMypage=no&rec_idx=44926720#seq=0
[웹개발(Java/Jsp)] 개발자 구인,(주)산타데이,서울송파구,https://www.saramin.co.kr/zf_user/jobs/relay/view?isMypage=no&rec_idx=45173028#seq=0
연구개발팀 Java 웹 개발자 채용 [신입/경력],주식회사 컨트롤에이,서울서초구,https://www.saramin.co.kr/zf_user/jobs/relay/view?isMypage=no&rec_idx=45171139#seq=0
"[라벤투르]IT개발(PHP, JAVA, Node.js 등) 백엔드 개발자 채용",주식회사 라벤투르,서울강남구,https://www.saramin.co.kr/zf_user/jobs/relay/view?isMypage=no&rec_idx=45025946#seq=0
"웹기반, JAVA / JSP 신입/경력 모집합니다",마디나,서울성동구,https://www.saramin.co.kr/zf_user/jobs/relay/view?isMypage=no&rec_idx=45124461#seq=0
기술연구소 SW개발자 채용 (JAVA/C#/.NET),(주)모은넷,경기수원시 영통구,https://www.saramin.co.kr/zf_user/jobs/relay/view?isMypage=no&rec_idx=45033948#seq=0
"웹개발자모집(ASP,PHP,JAVA,JSP,앱작업,재택)",(주)타이코콜렉션,서울강남구,https://www.saramin.co.kr/zf_user/jobs/relay/view?isMypage=no&rec_idx=45041620#seq=0
"[신입.경력]JAVA/JSP/WEB, Springframework 개발자",(주)웰컨,경기화성시,https://www.saramin.co.kr/zf_user/jobs/relay/view?isMypage=no&rec_idx=45085744#seq=0
"경력,신입사원(JAVA)정직원을 모집 합니다",(주)비전브이아이텍,서울구로구,https://www.saramin.co.kr/zf_user/jobs/relay/view?isMypage=no&rec_idx=45155973#seq=0
신입/경력 Java 웹개발자 모집,(주)에스에스비정보기술,서울강남구,https://www.saramin.co.kr/zf_user/jobs/relay/view?isMypage=no&rec_idx=45207525#seq=0
신입 Java 웹개발자 모집,(주)에스에스비정보기술,서울강남구,https://www.saramin.co.kr/zf_user/jobs/relay/view?isMypage=no&rec_idx=45209472#seq=0
"[긴급] 웹개발자 모집합니다(jsp,java)",(주)상록아이엔씨,경기전체,https://www.saramin.co.kr/zf_user/jobs/relay/view?isMypage=no&rec_idx=44048961#seq=0
웹 개발자(JSP.JAVA)신입/경력 모집,(주)상록아이엔씨,경기부천시,https://www.saramin.co.kr/zf_user/jobs/relay/view?isMypage=no&rec_idx=44870642#seq=0
"Linux/Java 기반 서버 개발자 모집 [연봉 4,000~5,000만]",(주)넥스트코어테크놀로지,서울송파구,https://www.saramin.co.kr/zf_user/jobs/relay/view?isMypage=no&rec_idx=45015068#seq=0
PHP/MySQL/Java 등 가능한 개발자채용,(주)브리즈스토리,서울강동구,https://www.saramin.co.kr/zf_user/jobs/relay/view?isMypage=no&rec_idx=45071578#seq=0
"[신입/경력] JAVA,HTML,Node 프로젝트 개발 정규직 채용",브라더스비(주),서울관악구,https://www.saramin.co.kr/zf_user/jobs/relay/view?isMypage=no&rec_idx=45110972#seq=0
[서울형 강소기업] Java 기반 웹개발자 채용(신입/경력),(주)내가시스템,서울영등포구,https://www.saramin.co.kr/zf_user/jobs/relay/view?isMypage=no&rec_idx=45160887#seq=0
"javascript, java분야 개발자 모집",스마티소프트(주),경기성남시 수정구,https://www.saramin.co.kr/zf_user/jobs/relay/view?isMypage=no&rec_idx=45154748#seq=0
[정규직] Java 개발자 채용,(주)블루컴,서울금천구,https://www.saramin.co.kr/zf_user/jobs/relay/view?isMypage=no&rec_idx=45167443#seq=0
빅데이터/DataAnalysis/Python/JAVA/SAS 인재 채용,(주)그루넷,서울강남구,https://www.saramin.co.kr/zf_user/jobs/relay/view?isMypage=no&rec_idx=44909044#seq=0
JSP/JAVA 개발자 및  SW 엔지니어 정규직 모집 공고(경력/신입),(주)벼리소프트,서울전체,https://www.saramin.co.kr/zf_user/jobs/relay/view?isMypage=no&rec_idx=45060837#seq=0
Java 서버 및 웹 프로그램 개발자(신입/경력) 모집,(주)위지온,서울구로구,https://www.saramin.co.kr/zf_user/jobs/relay/view?isMypage=no&rec_idx=45088419#seq=0
[정규직] 2023년 상반기 Java/Python 신입 개발자를 모집합니다.,위즈온텍,서울중구,https://www.saramin.co.kr/zf_user/jobs/relay/view?isMypage=no&rec_idx=45108629#seq=0
Java·Javascript 웹개발/모바일 앱개발/정규직 개발자 채용,씨이엔코퍼레이션(주),경기수원시 영통구,https://www.saramin.co.kr/zf_user/jobs/relay/view?isMypage=no&rec_idx=44963383#seq=0
신입 및 경력 JAVA 개발자 채용,(주)하이데브,서울은평구,https://www.saramin.co.kr/zf_user/jobs/relay/view?isMypage=no&rec_idx=45089250#seq=0
JAVA 기반 웹 개발자 신입/경력 모집,(주)클라우드랩,서울금천구,https://www.saramin.co.kr/zf_user/jobs/relay/view?isMypage=no&rec_idx=45087617#seq=0
"(송파. 충북진천근무) JAVA/JSP ,DBA 기반 웹 개발자  모집",(주)상록에스,서울송파구,https://www.saramin.co.kr/zf_user/jobs/relay/view?isMypage=no&rec_idx=45112821#seq=0
자바(java) 개발자모집(신입/경력SI/SM),케이비즈소프트(KBIZ-soft),서울금천구,https://www.saramin.co.kr/zf_user/jobs/relay/view?isMypage=no&rec_idx=44951722#seq=0
.NET/JAVA/C#/PB/MS-SQL 채용 공고,유비템즈,서울용산구,https://www.saramin.co.kr/zf_user/jobs/relay/view?isMypage=no&rec_idx=45199053#seq=0
IT개발·데이터(Java&Spring&JSP外 6개 부문) 모집,(주)한얼아이티,서울영등포구,https://www.saramin.co.kr/zf_user/jobs/relay/view?isMypage=no&rec_idx=44802294#seq=0
Java web 개발자 경력무관 모집 - 정규직,이프컴퍼니,서울금천구,https://www.saramin.co.kr/zf_user/jobs/relay/view?isMypage=no&rec_idx=45002086#seq=0
JAVA JSP 개발 경력무관 채용 - 정규직,(주)맨파스,서울영등포구,https://www.saramin.co.kr/zf_user/jobs/relay/view?isMypage=no&rec_idx=45055356#seq=0
"(경력 무관) 개발자 채용 (PHP, MySQL/ JAVA)",(주)해피브릿지,서울서초구,https://www.saramin.co.kr/zf_user/jobs/relay/view?isMypage=no&rec_idx=45069750#seq=0
[Spring/Java/DB]백엔드개발자 모집(신입지원가능),주식회사 코덱스루트,서울성동구,https://www.saramin.co.kr/zf_user/jobs/relay/view?isMypage=no&rec_idx=45085245#seq=0
[Java/Android/JS] Java 앱 개발(신입지원가능),주식회사 코덱스루트,서울성동구,https://www.saramin.co.kr/zf_user/jobs/relay/view?isMypage=no&rec_idx=45096188#seq=0
"(주)서우컴퍼니 SI/SM 신입 웹개발자(JAVA,JSP) 모집",주식회사 서우컴퍼니,서울구로구,https://www.saramin.co.kr/zf_user/jobs/relay/view?isMypage=no&rec_idx=45132578#seq=0
Backend API 개발자 모집 (Java/SpringBoot),(주)아웃라이어,서울금천구,https://www.saramin.co.kr/zf_user/jobs/relay/view?isMypage=no&rec_idx=44955798#seq=0
2023  Web/Java 신입/경력 개발자 채용공고,(주)와이비에스,경기성남시 분당구,https://www.saramin.co.kr/zf_user/jobs/relay/view?isMypage=no&rec_idx=44960694#seq=0
웹개발자 PHP/ASP/JAVA 채용,내가그린기린그림,서울영등포구,https://www.saramin.co.kr/zf_user/jobs/relay/view?isMypage=no&rec_idx=44918083#seq=0
[ 경력]  노웨어소프트 Java 웹 개발자 모집,(주)노웨어소프트,서울성동구,https://www.saramin.co.kr/zf_user/jobs/relay/view?isMypage=no&rec_idx=45056604#seq=0
"2023년 C#, NET, JAVA 개발 경력자 및 신입",(주)노리앤드,서울금천구,https://www.saramin.co.kr/zf_user/jobs/relay/view?isMypage=no&rec_idx=45176094#seq=0
"2023년 상반기 응용시스템 개발 경력/신입 채용공고(C#,JAVA)",유스엠(주),서울금천구,https://www.saramin.co.kr/zf_user/jobs/relay/view?isMypage=no&rec_idx=45194573#seq=0
[정규직] JAVA Web 개발자(신입/경력) 사원 모집,(주)엔피씨시스템,경기안산시 단원구,https://www.saramin.co.kr/zf_user/jobs/relay/view?isMypage=no&rec_idx=45193211#seq=0
"[주4.5일]국방분야 소프트웨어 개발자 모집 (C#, JAVA)",(주)소프트엔진,서울마포구,https://www.saramin.co.kr/zf_user/jobs/relay/view?isMypage=no&rec_idx=45144568#seq=0
Java Spring 기반 개발자 채용 공고,(주)해나소프트,경기시흥시,https://www.saramin.co.kr/zf_user/jobs/relay/view?isMypage=no&rec_idx=45090782#seq=0
IT개발·데이터(SI개발/DBMS/Java 외 4개 부문) 채용,(주)아이브랩,서울강남구,https://www.saramin.co.kr/zf_user/jobs/relay/view?isMypage=no&rec_idx=45041276#seq=0
2023 코스테크㈜ JAVA 웹 및 프로그램 개발 신입/경력 채용,코스테크(주),서울서초구,https://www.saramin.co.kr/zf_user/jobs/relay/view?isMypage=no&rec_idx=45207275#seq=0
JAVA웹프로그래머 개발자 (신입/경력),(주)에프지아이,서울금천구,https://www.saramin.co.kr/zf_user/jobs/relay/view?isMypage=no&rec_idx=45181940#seq=0
Java/Jsp 개발자를 모집합니다.,(주)타이드플로,서울금천구,https://www.saramin.co.kr/zf_user/jobs/relay/view?isMypage=no&rec_idx=45147133#seq=0
java기반 백엔드 개발 정규직,토모도모(주),서울강남구,https://www.saramin.co.kr/zf_user/jobs/relay/view?isMypage=no&rec_idx=45014691#seq=0
[디카르고] JAVA백엔드주니어개발자 채용,(주)디카르고,서울강남구,https://www.saramin.co.kr/zf_user/jobs/relay/view?isMypage=no&rec_idx=45179539#seq=0
"C#, Python, JAVA 소프트웨어 개발자 채용 (신입/경력)",(주)미래로시스템,경기용인시 기흥구,https://www.saramin.co.kr/zf_user/jobs/relay/view?isMypage=no&rec_idx=45070660#seq=0
Java 웹개발자 신입/경력사원 채용 - 정규직,㈜그린텍아이엔씨,경기안양시 동안구,https://www.saramin.co.kr/zf_user/jobs/relay/view?isMypage=no&rec_idx=45064365#seq=0
"인공지능, Java 연구원을 모십니다.",(주)화정엔지니어링,경기고양시 덕양구,https://www.saramin.co.kr/zf_user/jobs/relay/view?isMypage=no&rec_idx=44849336#seq=0
"프론트엔드/Javascript/백엔드/서버/Java/C++ 신입,경력 개발자",㈜엠투소프트,서울성동구,https://www.saramin.co.kr/zf_user/jobs/relay/view?isMypage=no&rec_idx=45207190#seq=0
세일즈포스 컨설턴트 및 개발(Java/Apex) 경력/신입 모집,(주)에스비티글로벌,경기성남시 분당구,https://www.saramin.co.kr/zf_user/jobs/relay/view?isMypage=no&rec_idx=44920033#seq=0
[포스토피아] JAVA 개발 및 운영 신입/경력 채용,(주)포스토피아,서울광진구,https://www.saramin.co.kr/zf_user/jobs/relay/view?isMypage=no&rec_idx=45110474#seq=0
JAVA/JS 경력/신입 채용(정규직),(주)온넷시스템즈코리아,서울서초구,https://www.saramin.co.kr/zf_user/jobs/relay/view?isMypage=no&rec_idx=44937479#seq=0
"응용 소프트웨어 개발자(C#, C++, java) 모집(병역특례)",(주)포딕스시스템,서울구로구,https://www.saramin.co.kr/zf_user/jobs/relay/view?isMypage=no&rec_idx=45177810#seq=0
"(서울전지역) 개발자를 구합니다Java,Oracle 신입,경력1년이상",마이스터정보기술㈜,서울종로구,https://www.saramin.co.kr/zf_user/jobs/relay/view?isMypage=no&rec_idx=45206825#seq=0
"C#, ASP.Net, JAVA개발 신입 및 경력자, 서울 모집합니다",대한에프에이시스템(주),서울강남구,https://www.saramin.co.kr/zf_user/jobs/relay/view?isMypage=no&rec_idx=45007160#seq=0
PG/IT(JAVA) 개발자 채용공고,(주)페이투스,서울금천구,https://www.saramin.co.kr/zf_user/jobs/relay/view?isMypage=no&rec_idx=45049325#seq=0
[4.5일제 시행중인 IT기업] JAVA(Back-end) 개발 경력자 모집,링크투어스(주),경기안양시 만안구,https://www.saramin.co.kr/zf_user/jobs/relay/view?isMypage=no&rec_idx=44918874#seq=0
C# Java S/W 개발 및 유지보수 솔루션 개발자 모집합니다.,덱스타,경기수원시 영통구,https://www.saramin.co.kr/zf_user/jobs/relay/view?isMypage=no&rec_idx=44817874#seq=0
Java 개발 및 솔루션 유지보수/ 고도화,(사)스마트도시협회,서울용산구,https://www.saramin.co.kr/zf_user/jobs/relay/view?isMypage=no&rec_idx=45077063#seq=0
신입/경력 개발자(Java. JSP) 모집,브이에스커뮤니티(주),경기안양시 동안구,https://www.saramin.co.kr/zf_user/jobs/relay/view?isMypage=no&rec_idx=45017055#seq=0
SQ&T(주)  JAVA개발 경력 사원 채용 (문래 근무),에스큐앤티(주),서울영등포구,https://www.saramin.co.kr/zf_user/jobs/relay/view?isMypage=no&rec_idx=45037393#seq=0
유니윌 위즈페이 JAVA PG개발자 채용(경력직),(주) 유니윌지점 위즈페이,서울강남구,https://www.saramin.co.kr/zf_user/jobs/relay/view?isMypage=no&rec_idx=45174329#seq=0
"인공지능, Java 연구원을 모십니다.",(주)신화엔지니어링,경기고양시 덕양구,https://www.saramin.co.kr/zf_user/jobs/relay/view?isMypage=no&rec_idx=44849337#seq=0
JAVA 웹개발 경력자 및 신규채용,동보항공(주),서울중구,https://www.saramin.co.kr/zf_user/jobs/relay/view?isMypage=no&rec_idx=45082074#seq=0
"[정규직] 각 분야 경력 개발자 구인(JAVA, WEB)",(주)아이엔아이소프트,서울영등포구,https://www.saramin.co.kr/zf_user/jobs/relay/view?isMypage=no&rec_idx=44812356#seq=0
"JAVA, ERP, DW & ETL - 신입&경력 정규/계약직",(주)엔젠아이티,서울금천구,https://www.saramin.co.kr/zf_user/jobs/relay/view?isMypage=no&rec_idx=45167783#seq=0
[신입/경력] C# & Java 프로그래머 채용,(주)제이엠소프트,경기수원시 영통구,https://www.saramin.co.kr/zf_user/jobs/relay/view?isMypage=no&rec_idx=44845462#seq=0
"[신입,경력]ERP, MES개발자 (Java, C#) 채용",(주)유비덤,경기안양시 동안구,https://www.saramin.co.kr/zf_user/jobs/relay/view?isMypage=no&rec_idx=45020047#seq=0
C# JAVA 개발자 채용공고[신입/경력],(주)라임에스,경기하남시,https://www.saramin.co.kr/zf_user/jobs/relay/view?isMypage=no&rec_idx=45066718#seq=0
"인공지능, Java 연구원을 모십니다.",(주)에이치앤티솔루션,경기고양시 덕양구,https://www.saramin.co.kr/zf_user/jobs/relay/view?isMypage=no&rec_idx=44873486#seq=0
"[IT] JAVA, SPRING을 기반으로 한 프로그래밍 강사채용",휴먼교육센터,서울영등포구,https://www.saramin.co.kr/zf_user/jobs/relay/view?isMypage=no&rec_idx=45001486#seq=0
정보처리산업기사(JAVA) 자바강사 채용/하남미사이젠컴퓨터학원,이젠아카데미컴퓨터학원,경기하남시,https://www.saramin.co.kr/zf_user/jobs/relay/view?isMypage=no&rec_idx=45030577#seq=0
[핸디씨엔티] 신입/경력-JSP/JAVA 개발자 모집,핸디씨엔티(주),경기화성시,https://www.saramin.co.kr/zf_user/jobs/relay/view?isMypage=no&rec_idx=45086976#seq=0
java & Python  빅데이터 과정 강사채용 공고,(주)하이미디어컴퓨터디자인학원,경기고양시 일산동구,https://www.saramin.co.kr/zf_user/jobs/relay/view?isMypage=no&rec_idx=45172710#seq=0
물류관리시스템 (WMS) JAVA Nexacro 개발자,누리디에스엠(주),경기군포시,https://www.saramin.co.kr/zf_user/jobs/relay/view?isMypage=no&rec_idx=45023031#seq=0
개발자 모집 (JAVA / PHP /  C#  ),(주)아리에스정보기술,서울강남구,https://www.saramin.co.kr/zf_user/jobs/relay/view?isMypage=no&rec_idx=45049955#seq=0
"정규직 웹개발자(JAVA, Vue.js) 채용",(주)아큐라소프트,서울성동구,https://www.saramin.co.kr/zf_user/jobs/relay/view?isMypage=no&rec_idx=44873923#seq=0
"[긴급]2023 상반기 C++, SI개발, 솔루션, Java, MFC 외 채용 공",(주)타임소프트,서울금천구,https://www.saramin.co.kr/zf_user/jobs/relay/view?isMypage=no&rec_idx=45116500#seq=0
[S/W개발자(JAVA/연봉 3600부터/경력무관)] 정규직 채용,(주)가온지능정보,서울동대문구,https://www.saramin.co.kr/zf_user/jobs/relay/view?isMypage=no&rec_idx=44917597#seq=0
JAVA 프로그램 개발 신입인재 모집  (주)나오디지탈,(주)나오디지탈,서울구로구,https://www.saramin.co.kr/zf_user/jobs/relay/view?isMypage=no&rec_idx=45072167#seq=0
[IT학원] JAVA 웹 개발 강사 채용,휴먼교육센터,서울영등포구,https://www.saramin.co.kr/zf_user/jobs/relay/view?isMypage=no&rec_idx=45129611#seq=0
[국비지원 취업] 자바 웹개발/빅데이터/웹디자인/영상/건축,(주)이젠아카데미,서울전체,https://www.saramin.co.kr/zf_user/jobs/relay/view?isMypage=no&rec_idx=39659240#seq=0
[주 4.25일제] 2023년 개발자 채용( 자바 / C++),(주)에스제이테크놀로지,서울마포구,https://www.saramin.co.kr/zf_user/jobs/relay/view?isMypage=no&rec_idx=45076831#seq=0
(정규직) 자바 웹개발자 모집합니다,(주)엔지스,서울금천구,https://www.saramin.co.kr/zf_user/jobs/relay/view?isMypage=no&rec_idx=45174689#seq=0
금융IT 프론트엔드 자바개발자 채용(경력),(주)디리아,서울서초구,https://www.saramin.co.kr/zf_user/jobs/relay/view?isMypage=no&rec_idx=44835851#seq=0
[경력&신입] 웹/자바 서버 개발자 모집(정규직),빅스데이터(주),서울강남구,https://www.saramin.co.kr/zf_user/jobs/relay/view?isMypage=no&rec_idx=45048737#seq=0
금융IT 솔루션  운영및개발 (자바 오라클 백엔드 쉘),크레파스솔루션(주),서울마포구,https://www.saramin.co.kr/zf_user/jobs/relay/view?isMypage=no&rec_idx=45070026#seq=0
자바 개발자 정규직 채용,(주)리스트,서울강서구,https://www.saramin.co.kr/zf_user/jobs/relay/view?isMypage=no&rec_idx=45086992#seq=0
2023년도 자바개발자 신입&경력직 모집,(주)사우정보기술,서울구로구,https://www.saramin.co.kr/zf_user/jobs/relay/view?isMypage=no&rec_idx=45072963#seq=0
자바 개발자(신입/경력) 모집,주식회사 피이지시스템,서울중구,https://www.saramin.co.kr/zf_user/jobs/relay/view?isMypage=no&rec_idx=45121659#seq=0
2023 SI사업부 자바웹개발자 대거 채용중,코드이음,서울서초구,https://www.saramin.co.kr/zf_user/jobs/relay/view?isMypage=no&rec_idx=45129367#seq=0
"AutoCAD 가능하신분, C#, 자바 가능하신분 모십니다.",(주)아이보우솔루션,서울금천구,https://www.saramin.co.kr/zf_user/jobs/relay/view?isMypage=no&rec_idx=45043861#seq=0
자바기반 시스템 개발 및 유지보수 (파견 아님),(주)쿱스커뮤니케이션,서울금천구,https://www.saramin.co.kr/zf_user/jobs/relay/view?isMypage=no&rec_idx=44847404#seq=0
부문별 경력/신입 인재영입,(주)우아한형제들,서울송파구,https://www.saramin.co.kr/zf_user/jobs/relay/view?isMypage=no&rec_idx=38563977#seq=0
(주)월덱스 각 부문 신입/경력 공개채용,(주)월덱스,경북구미시,https://www.saramin.co.kr/zf_user/jobs/relay/view?isMypage=no&rec_idx=45086998#seq=0
2023년 GS엠비즈 신입/경력사원 채용,지에스엠비즈(주),서울전체,https://www.saramin.co.kr/zf_user/jobs/relay/view?isMypage=no&rec_idx=45158689#seq=0
2023 상반기 InBody 수시채용,(주)인바디,서울강남구,https://www.saramin.co.kr/zf_user/jobs/relay/view?isMypage=no&rec_idx=45154691#seq=0
한국전자금융(주) 각 부문 신입/경력 직원 수시채용,한국전자금융(주),서울강남구,https://www.saramin.co.kr/zf_user/jobs/relay/view?isMypage=no&rec_idx=45183075#seq=0
2023년 3월 한미약품그룹 수시채용 (각 부문별),한미약품(주),서울송파구,https://www.saramin.co.kr/zf_user/jobs/relay/view?isMypage=no&rec_idx=45196952#seq=0
[SK시그넷] 각 부문 별 신입/경력직 모집,에스케이시그넷(주),서울영등포구,https://www.saramin.co.kr/zf_user/jobs/relay/view?isMypage=no&rec_idx=44984096#seq=0
2023년 각 부문별 신입/경력 채용(대구 및 서울),주식회사 리만코리아,서울전체,https://www.saramin.co.kr/zf_user/jobs/relay/view?isMypage=no&rec_idx=45042943#seq=0
[ HNIX ] 각 부문별 신입/경력 채용공고,에이치엔아이엑스(주),서울중구,https://www.saramin.co.kr/zf_user/jobs/relay/view?isMypage=no&rec_idx=45191331#seq=0
사세확장으로 인한 각부서별 정규직 채용,(주)인투알,경기김포시,https://www.saramin.co.kr/zf_user/jobs/relay/view?isMypage=no&rec_idx=45117857#seq=0
과학기술분야 정부출연(연) 23년도 1차 공동채용,국가과학기술연구회,서울전체,https://www.saramin.co.kr/zf_user/jobs/relay/view?isMypage=no&rec_idx=45169796#seq=0
캐논코리아 각 부문 채용 (본사/지사),캐논코리아 주식회사,서울전체,https://www.saramin.co.kr/zf_user/jobs/relay/view?isMypage=no&rec_idx=45158435#seq=0
LS오토모티브 2023년 신입/경력 공개채용,엘에스오토모티브테크놀로지스(주),경기안양시,https://www.saramin.co.kr/zf_user/jobs/relay/view?isMypage=no&rec_idx=45118446#seq=0
2023년도 공개채용,(사)대한산업안전협회,서울전체,https://www.saramin.co.kr/zf_user/jobs/relay/view?isMypage=no&rec_idx=45173811#seq=0
2023년 상반기 각 부문 신입/경력 상시 채용,(주)코난테크놀로지,서울전체,https://www.saramin.co.kr/zf_user/jobs/relay/view?isMypage=no&rec_idx=44948146#seq=0
2023년 상반기 부문별 공개채용,대한제강(주),서울전체,https://www.saramin.co.kr/zf_user/jobs/relay/view?isMypage=no&rec_idx=45137166#seq=0
[주3일 원격근무] 2023년 3월 직무별 신입/경력 대규모 인재채용,(주)비상교육,서울구로구,https://www.saramin.co.kr/zf_user/jobs/relay/view?isMypage=no&rec_idx=45183505#seq=0
AJ네트웍스 렌탈부문 3월 수시채용,AJ네트웍스(주),서울송파구,https://www.saramin.co.kr/zf_user/jobs/relay/view?isMypage=no&rec_idx=45198634#seq=0
2023년 3월 NE능률 신입 및 경력(수시) 채용,(주)NE능률,서울마포구,https://www.saramin.co.kr/zf_user/jobs/relay/view?isMypage=no&rec_idx=45160322#seq=0
[NICE D&B] 2023년 1분기 수시채용,(주)나이스디앤비,서울마포구,https://www.saramin.co.kr/zf_user/jobs/relay/view?isMypage=no&rec_idx=45200781#seq=0
일반관리/IT개발/연구개발 각 부문 채용,한국정보통신(주),서울전체,https://www.saramin.co.kr/zf_user/jobs/relay/view?isMypage=no&rec_idx=45145091#seq=0
2023 신입공채 및 경력직 모집,라온시큐어(주),서울강남구,https://www.saramin.co.kr/zf_user/jobs/relay/view?isMypage=no&rec_idx=45177802#seq=0
[브레인즈컴퍼니X에이프리카] 각 부문 경력/신입 채용,브레인즈컴퍼니(주),서울전체,https://www.saramin.co.kr/zf_user/jobs/relay/view?isMypage=no&rec_idx=45135822#seq=0
각 분야 채용공고,(주)디모아,서울용산구,https://www.saramin.co.kr/zf_user/jobs/relay/view?isMypage=no&rec_idx=42912594#seq=0
㈜마이크로인피니티 정규직 사원 모집,(주)마이크로인피니티,경기전체,https://www.saramin.co.kr/zf_user/jobs/relay/view?isMypage=no&rec_idx=45009521#seq=0
[다우키움계열사] ㈜eMoney 상반기 공개채용 (신입/경력),(주)이머니,서울전체,https://www.saramin.co.kr/zf_user/jobs/relay/view?isMypage=no&rec_idx=45184884#seq=0
[패스오더] 급성장중인 스타트업 ‘전직군’ 대규모 채용,(주)페이타랩,서울전체,https://www.saramin.co.kr/zf_user/jobs/relay/view?isMypage=no&rec_idx=44659375#seq=0
PMG KOREA 2023 상반기 인턴/경력직 공채,피엠지인티그레이티드커뮤니케이션즈(주),서울전체,https://www.saramin.co.kr/zf_user/jobs/relay/view?isMypage=no&rec_idx=45158504#seq=0
상반기 각 부문 신입 및 경력 채용 공고,(주)다온아이앤씨,경기전체,https://www.saramin.co.kr/zf_user/jobs/relay/view?isMypage=no&rec_idx=45004285#seq=0
[서울대병원 1호 스타트업] 2023 상반기 대규모 인재채용,메디컬아이피(주),서울종로구,https://www.saramin.co.kr/zf_user/jobs/relay/view?isMypage=no&rec_idx=44961691#seq=0
SFA 2023년 2차 공개채용 (3월12일마감),(주)에스에프에이,경기화성시,https://www.saramin.co.kr/zf_user/jobs/relay/view?isMypage=no&rec_idx=45121123#seq=0
㈜케이씨티시 신입 및 경력사원 모집공고,(주)케이씨티시,서울중구,https://www.saramin.co.kr/zf_user/jobs/relay/view?isMypage=no&rec_idx=45154025#seq=0
어드밴텍케이알㈜ 신입/경력 채용,어드밴텍케이알(주),서울전체,https://www.saramin.co.kr/zf_user/jobs/relay/view?isMypage=no&rec_idx=45078723#seq=0
사무지원직군 신입 / 리스크관리파트 경력 채용,메리츠화재해상보험(주),서울전체,https://www.saramin.co.kr/zf_user/jobs/relay/view?isMypage=no&rec_idx=45161509#seq=0
도미노피자 각 부문 (자회사/관계사포함) 공개채용,청오디피케이(주),서울전체,https://www.saramin.co.kr/zf_user/jobs/relay/view?isMypage=no&rec_idx=45151430#seq=0
딥노이드 신입 ·경력 채용공고,(주)딥노이드,서울전체,https://www.saramin.co.kr/zf_user/jobs/relay/view?isMypage=no&rec_idx=44999808#seq=0
제2023-01회 직원 채용 공고,(재)국제원산지정보원,경기성남시 분당구,https://www.saramin.co.kr/zf_user/jobs/relay/view?isMypage=no&rec_idx=45157261#seq=0
[윙잇] 전 직군 최대규모 채용 - Spring,(주)윙잇,서울강남구,https://www.saramin.co.kr/zf_user/jobs/relay/view?isMypage=no&rec_idx=45160592#seq=0
2023년 해커스 교육그룹 [신입/경력] 각 부문별 채용공고,㈜해커스교육그룹,서울서초구,https://www.saramin.co.kr/zf_user/jobs/relay/view?isMypage=no&rec_idx=44741365#seq=0
2023 스노우피크코리아 상반기 신입/경력사원 공개채용,(주)스노우피크코리아,서울전체,https://www.saramin.co.kr/zf_user/jobs/relay/view?isMypage=no&rec_idx=45093461#seq=0
각 부문별 신입.경력직원 채용,(주)온택트헬스,서울전체,https://www.saramin.co.kr/zf_user/jobs/relay/view?isMypage=no&rec_idx=45184128#seq=0
한독 LS 마케팅/LS 영업지원 및 QC-미생물시험 모집,(주)한독,서울전체,https://www.saramin.co.kr/zf_user/jobs/relay/view?isMypage=no&rec_idx=45156485#seq=0
2023년 상반기 부문별 수시채용,(주)오토닉스,서울강서구,https://www.saramin.co.kr/zf_user/jobs/relay/view?isMypage=no&rec_idx=45066782#seq=0
(주)이노룰스 신입 및 경력 상시채용,(주)이노룰스,서울전체,https://www.saramin.co.kr/zf_user/jobs/relay/view?isMypage=no&rec_idx=45074391#seq=0
메이크샵 사업부 대규모 인재 모집,(주)커넥트웨이브,서울전체,https://www.saramin.co.kr/zf_user/jobs/relay/view?isMypage=no&rec_idx=45184818#seq=0
2023년 상반기 공개채용,(주)엑스큐어넷,서울은평구,https://www.saramin.co.kr/zf_user/jobs/relay/view?isMypage=no&rec_idx=45016271#seq=0
2023년 빅솔론 신입/경력 모집,(주)빅솔론,경기성남시 분당구,https://www.saramin.co.kr/zf_user/jobs/relay/view?isMypage=no&rec_idx=45112735#seq=0
"[앤씨앤/넥스트칩] 2023년 3월 연구소, 영업마케팅 각 부문 모집",(주)앤씨앤,경기성남시 분당구,https://www.saramin.co.kr/zf_user/jobs/relay/view?isMypage=no&rec_idx=45158983#seq=0
엠큐브테크놀로지 연구원 채용공고,(주)엠큐브테크놀로지,서울전체,https://www.saramin.co.kr/zf_user/jobs/relay/view?isMypage=no&rec_idx=44387898#seq=0
[수산아이앤티] 상반기 전 부문 채용,(주)수산아이앤티,서울전체,https://www.saramin.co.kr/zf_user/jobs/relay/view?isMypage=no&rec_idx=45184814#seq=0
WEB 서버 개발자 채용 공고,(주)아이젝스,서울전체,https://www.saramin.co.kr/zf_user/jobs/relay/view?isMypage=no&rec_idx=45191329#seq=0
웹개발자 직원 채용,(주)엠엘소프트,서울전체,https://www.saramin.co.kr/zf_user/jobs/relay/view?isMypage=no&rec_idx=45194146#seq=0
2023 지니언스㈜ 상반기 공개 채용,지니언스(주),경기전체,https://www.saramin.co.kr/zf_user/jobs/relay/view?isMypage=no&rec_idx=45169179#seq=0
[NHN다이퀘스트] AI/NLP 솔루션 개발자 모집,(주)엔에이치엔다이퀘스트,서울전체,https://www.saramin.co.kr/zf_user/jobs/relay/view?isMypage=no&rec_idx=45196451#seq=0
[nProtect] 2023 잉카인터넷 대규모 수시 채용 - 주 4.5일제,(주)잉카인터넷,서울강서구,https://www.saramin.co.kr/zf_user/jobs/relay/view?isMypage=no&rec_idx=45195165#seq=0
[디지털다임]  웹개발(Spring boot) 부문 신입/경력 채용,(주)디지털다임,서울용산구,https://www.saramin.co.kr/zf_user/jobs/relay/view?isMypage=no&rec_idx=45120438#seq=0
Web Developer/웹개발/서버개발,(주)나이츠넷,서울마포구,https://www.saramin.co.kr/zf_user/jobs/relay/view?isMypage=no&rec_idx=45171343#seq=0
2023년 신입/경력사원 시스템 엔지니어 모집,(주)싸이크로스,서울강남구,https://www.saramin.co.kr/zf_user/jobs/relay/view?isMypage=no&rec_idx=45199250#seq=0
오텍오티스파킹시스템(유) 부문별 신입/경력 채용,오텍오티스파킹시스템(유),서울강남구,https://www.saramin.co.kr/zf_user/jobs/relay/view?isMypage=no&rec_idx=45174391#seq=0
[직영] DYB최선어학원 각 부문 STAFF 모집,(주)DYB최선어학원,서울강남구,https://www.saramin.co.kr/zf_user/jobs/relay/view?isMypage=no&rec_idx=44878741#seq=0
[LG 하이케어솔루션] 개인정보보호담당자 신입/경력 채용,하이케어솔루션(주),서울전체,https://www.saramin.co.kr/zf_user/jobs/relay/view?isMypage=no&rec_idx=45174029#seq=0
DSO (PM/Frontend/Backend/AA 등) 채용,메가존클라우드(주),서울전체,https://www.saramin.co.kr/zf_user/jobs/relay/view?isMypage=no&rec_idx=45197531#seq=0
[SK주식회사머티리얼즈]DT그룹 인턴사원 모집,에스케이스페셜티(주),서울종로구,https://www.saramin.co.kr/zf_user/jobs/relay/view?isMypage=no&rec_idx=45201745#seq=0
[코스닥 상장사] 웹 프론트엔드 개발자 채용,알서포트(주),서울송파구,https://www.saramin.co.kr/zf_user/jobs/relay/view?isMypage=no&rec_idx=45142771#seq=0
"[이즈파크] SI프로젝트 PM, 개발, 퍼블리셔 채용",(주)이즈파크,서울금천구,https://www.saramin.co.kr/zf_user/jobs/relay/view?isMypage=no&rec_idx=45168923#seq=0
[판교 연구소] 개발(SW/FW/HW) 연구원 모집(경력),(주)에이텍아이오티,서울전체,https://www.saramin.co.kr/zf_user/jobs/relay/view?isMypage=no&rec_idx=45008397#seq=0
2023년 상반기 각 부문 신입/경력 채용[정규직/병역특례],(주)인투씨엔에스,경기용인시,https://www.saramin.co.kr/zf_user/jobs/relay/view?isMypage=no&rec_idx=45074065#seq=0
[사업확장] 각 부문 신규 채용,(주)마더케이,경기성남시 분당구,https://www.saramin.co.kr/zf_user/jobs/relay/view?isMypage=no&rec_idx=45075806#seq=0
IT개발/디자인/마케팅/기획/컨설팅/해외사업/경영지원/상담실장 등,(주)광덕안정,서울전체,https://www.saramin.co.kr/zf_user/jobs/relay/view?isMypage=no&rec_idx=44953347#seq=0
[토마토체인]개발/기획/정보보안 채용,(주)토마토체인,서울전체,https://www.saramin.co.kr/zf_user/jobs/relay/view?isMypage=no&rec_idx=44728008#seq=0
서울사이버대학교 계약직 직원 채용 공고,서울사이버대학교,서울강북구,https://www.saramin.co.kr/zf_user/jobs/relay/view?isMypage=no&rec_idx=45160357#seq=0
(주)넷맨 연구소 신입/경력 추가모집,(주)넷맨,서울전체,https://www.saramin.co.kr/zf_user/jobs/relay/view?isMypage=no&rec_idx=45200132#seq=0
대성산업(주) 2023년 상반기 각 부문별 신입/경력 모집공고,대성산업(주),서울전체,https://www.saramin.co.kr/zf_user/jobs/relay/view?isMypage=no&rec_idx=45177217#seq=0
[2023년] 플랫폼사업부문 신입/경력 개발자 채용,(주)이너웨이브,서울금천구,https://www.saramin.co.kr/zf_user/jobs/relay/view?isMypage=no&rec_idx=45193596#seq=0
백엔드 개발/서비스기획/디지털마케팅/네트워크보안/ PC자산,주식회사 리만코리아,서울전체,https://www.saramin.co.kr/zf_user/jobs/relay/view?isMypage=no&rec_idx=45043207#seq=0
부문별 신입ㆍ경력 채용,(주)스튜디오쓰리에스코리아,경기안양시 동안구,https://www.saramin.co.kr/zf_user/jobs/relay/view?isMypage=no&rec_idx=45194023#seq=0
"세종사이버대학교 정규직(일반행정, 시스템개발) 채용공고",세종사이버대학교,서울광진구,https://www.saramin.co.kr/zf_user/jobs/relay/view?isMypage=no&rec_idx=45086548#seq=0
[골프IT선두기업 스마트스코어] 전직군 신입 및 경력 수시채용,(주)스마트스코어,서울전체,https://www.saramin.co.kr/zf_user/jobs/relay/view?isMypage=no&rec_idx=45192138#seq=0
[개발팀] 정규직 채용,(주)스마트파이브,서울전체,https://www.saramin.co.kr/zf_user/jobs/relay/view?isMypage=no&rec_idx=45167217#seq=0
[허브디앤씨][지사] 웹/앱 프론트/백엔드 개발 채용,허브디앤씨,서울전체,https://www.saramin.co.kr/zf_user/jobs/relay/view?isMypage=no&rec_idx=45104342#seq=0
2023년 상반기 신입·경력 채용,이제너두(주),서울전체,https://www.saramin.co.kr/zf_user/jobs/relay/view?isMypage=no&rec_idx=45023355#seq=0
대원제약 DNA 채용 (2023 상반기 공채),대원제약(주),서울전체,https://www.saramin.co.kr/zf_user/jobs/relay/view?isMypage=no&rec_idx=45211044#seq=0
"[허브디앤씨]기획, UI/UX디자인, 웹/앱 개발 채용",허브디앤씨,서울전체,https://www.saramin.co.kr/zf_user/jobs/relay/view?isMypage=no&rec_idx=44997485#seq=0
교육출판(초등국어&문해력/수학교재개발)/서비스기획/사업기획&전략마케팅 각 부문별 신입 및 경력 모집,(주)NE능률,서울마포구,https://www.saramin.co.kr/zf_user/jobs/relay/view?isMypage=no&rec_idx=45194012#seq=0
2023년 상반기 부문별 정규직 채용공고,(주)경우시스테크,서울금천구,https://www.saramin.co.kr/zf_user/jobs/relay/view?isMypage=no&rec_idx=44933287#seq=0
"23년 상반기 공개채용 (S/WㆍF/W개발, 기구설계 외)",(주)인텔리안테크놀로지스,경기전체,https://www.saramin.co.kr/zf_user/jobs/relay/view?isMypage=no&rec_idx=45128818#seq=0
헥토이노베이션 직군별 인재 모집,(주)헥토이노베이션,서울전체,https://www.saramin.co.kr/zf_user/jobs/relay/view?isMypage=no&rec_idx=45121837#seq=0
[(주)마크로젠] 데이터분석 부문 모집,(주)마크로젠,서울전체,https://www.saramin.co.kr/zf_user/jobs/relay/view?isMypage=no&rec_idx=45122431#seq=0
[파인뷰] Web개발 부문 신입/경력 채용,(주)파인디지털,서울전체,https://www.saramin.co.kr/zf_user/jobs/relay/view?isMypage=no&rec_idx=45165606#seq=0
2023 기업멤버십 SW캠프 채용확정형 교육생모집,한국소프트웨어산업협회,서울종로구,https://www.saramin.co.kr/zf_user/jobs/relay/view?isMypage=no&rec_idx=44954471#seq=0
[제주패스] 부문별 경력/신입 채용,(주)캐플릭스,제주제주시,https://www.saramin.co.kr/zf_user/jobs/relay/view?isMypage=no&rec_idx=44948290#seq=0
"모션컨트롤시스템 글로벌제조기업 인재모집(수원, 창원)",하이윈코퍼레이션(주),경기전체,https://www.saramin.co.kr/zf_user/jobs/relay/view?isMypage=no&rec_idx=44946231#seq=0
클라이언트 (신입/경력),(주)위메이드플레이,경기성남시 분당구,https://www.saramin.co.kr/zf_user/jobs/relay/view?isMypage=no&rec_idx=45168816#seq=0
QA,(주)위메이드플레이,경기성남시 분당구,https://www.saramin.co.kr/zf_user/jobs/relay/view?isMypage=no&rec_idx=45181899#seq=0
"‘소부장 으뜸기업, 청년친화강소기업’ ㈜나노텍 각 부문 채용",(주)나노텍,경기전체,https://www.saramin.co.kr/zf_user/jobs/relay/view?isMypage=no&rec_idx=44609040#seq=0
솔루션(웹/서버/통신) 프로그램 개발자 및 웹 서비스 기획 담당자 채용,(주)잇팩,서울중구,https://www.saramin.co.kr/zf_user/jobs/relay/view?isMypage=no&rec_idx=45185071#seq=0
[AI 세금신고 1위 SSEM] 퍼블리셔 채용,(주)널리소프트,서울전체,https://www.saramin.co.kr/zf_user/jobs/relay/view?isMypage=no&rec_idx=45201857#seq=0
[DBA/정보보안/QA엔지니어/클라우드엔지니어] 신입/경력,㈜해커스교육그룹,서울서초구,https://www.saramin.co.kr/zf_user/jobs/relay/view?isMypage=no&rec_idx=44728453#seq=0
[이커머스] 핌즈(주) 개발자(프론트/서버) 채용,핌즈(주),서울전체,https://www.saramin.co.kr/zf_user/jobs/relay/view?isMypage=no&rec_idx=45116995#seq=0
입찰분석연구원 외 각 부문별 신입 및 경력사원 모집,(주)세종분석연구원,서울마포구,https://www.saramin.co.kr/zf_user/jobs/relay/view?isMypage=no&rec_idx=41941855#seq=0
법률모니터링/환경정책연구/통합환경인허가/법규진단 채용,예스이앤씨(주),경기전체,https://www.saramin.co.kr/zf_user/jobs/relay/view?isMypage=no&rec_idx=45101814#seq=0
2023년 상반기 각 부문별 신입/경력 모집,(주)트리즈엔지니어링,경기전체,https://www.saramin.co.kr/zf_user/jobs/relay/view?isMypage=no&rec_idx=45192705#seq=0
각 부문별 신입/경력 채용,싸이스트(주),경기수원시 영통구,https://www.saramin.co.kr/zf_user/jobs/relay/view?isMypage=no&rec_idx=45205907#seq=0
2023년 ㈜고황건설 상반기 신입/경력 채용,고황건설(주),서울전체,https://www.saramin.co.kr/zf_user/jobs/relay/view?isMypage=no&rec_idx=45166440#seq=0
"프론트엔드, 백엔드 개발자 신입/경력 모집",유니원아이앤씨(주),서울영등포구,https://www.saramin.co.kr/zf_user/jobs/relay/view?isMypage=no&rec_idx=45119451#seq=0
"[020플랫폼] 서버/인프라, 백엔드 개발, 어플리케이션 개발자 모집",(주)아이엔지스토리,서울전체,https://www.saramin.co.kr/zf_user/jobs/relay/view?isMypage=no&rec_idx=45171373#seq=0
[자동차전장] 2023년 기술연구소 직무별 신규 채용모집,(주)모토닉스,경기수원시 영통구,https://www.saramin.co.kr/zf_user/jobs/relay/view?isMypage=no&rec_idx=44903140#seq=0
㈜쁘띠엘린(관계사 포함) 신입/경력 모집,(주)쁘띠엘린,서울전체,https://www.saramin.co.kr/zf_user/jobs/relay/view?isMypage=no&rec_idx=45168890#seq=0
[주 5일/여의도] 당사 솔루션개발부 (신입/경력) 모집,(주)트랜스코스모스코리아,서울전체,https://www.saramin.co.kr/zf_user/jobs/relay/view?isMypage=no&rec_idx=45020483#seq=0
"세일즈포스 부문 (영업, PM/시스템설계, 개발, 컨설팅) 모집",(주)트랜스코스모스코리아,서울전체,https://www.saramin.co.kr/zf_user/jobs/relay/view?isMypage=no&rec_idx=45081754#seq=0
[대상정보기술] 상반기 IT 인력 채용,대상정보기술(주),서울광진구,https://www.saramin.co.kr/zf_user/jobs/relay/view?isMypage=no&rec_idx=45118969#seq=0
정규직[로봇IT/상장기업 자회사]티라로보틱스 상반기 공개채용,(주)휴먼코아,서울전체,https://www.saramin.co.kr/zf_user/jobs/relay/view?isMypage=no&rec_idx=45186346#seq=0
다날 결제서비스 백엔드 및 API 개발 신입/경력사원 모집,㈜다날,경기성남시 분당구,https://www.saramin.co.kr/zf_user/jobs/relay/view?isMypage=no&rec_idx=45204494#seq=0
2023년도 분야별 인원모집,유비벨록스(주),서울전체,https://www.saramin.co.kr/zf_user/jobs/relay/view?isMypage=no&rec_idx=45208470#seq=0
프론트엔드 개발자 신입 및 경력 사원 모집,네이버시스템(주),서울송파구,https://www.saramin.co.kr/zf_user/jobs/relay/view?isMypage=no&rec_idx=45106046#seq=0
(주)에스제이듀코 전산실 ERP 프로그램 유지보수 인재 모집,(주)에스제이듀코,서울강남구,https://www.saramin.co.kr/zf_user/jobs/relay/view?isMypage=no&rec_idx=45192206#seq=0
클라우드사업부문 Cloud Engineer(IaaS/PaaS) 모집,삼양데이타시스템(주),서울종로구,https://www.saramin.co.kr/zf_user/jobs/relay/view?isMypage=no&rec_idx=44899899#seq=0
[마크로젠] 전문연구요원 채용 (Bioinformatics),(주)마크로젠,서울전체,https://www.saramin.co.kr/zf_user/jobs/relay/view?isMypage=no&rec_idx=45098049#seq=0
(주)씨에이에스 2023년 GRC사업본부 개발 신입/경력 채용,(주)씨에이에스,서울금천구,https://www.saramin.co.kr/zf_user/jobs/relay/view?isMypage=no&rec_idx=45126098#seq=0
㈜유유제약 전산팀 경력직 모집,㈜유유제약,서울중구,https://www.saramin.co.kr/zf_user/jobs/relay/view?isMypage=no&rec_idx=45183492#seq=0
[제이에스티나] 웹퍼블리셔 / 서비스기획 / 인프라보안 모집,(주)제이에스티나,서울송파구,https://www.saramin.co.kr/zf_user/jobs/relay/view?isMypage=no&rec_idx=44796777#seq=0
"유니슨(주) 경영지원부문 인원 모집(회계, IT, 구매)",유니슨㈜,서울서초구,https://www.saramin.co.kr/zf_user/jobs/relay/view?isMypage=no&rec_idx=44934007#seq=0
[서울/판교/연4580만] SW검증/QA/SQA/Tester,(주)키스템프그룹,서울전체,https://www.saramin.co.kr/zf_user/jobs/relay/view?isMypage=no&rec_idx=45156264#seq=0
(주)엑스게이트 개발자 채용,(주)엑스게이트,서울강남구,https://www.saramin.co.kr/zf_user/jobs/relay/view?isMypage=no&rec_idx=45170113#seq=0
기술개발본부 소프트웨어개발 인력 채용(신입/경력),(주)지엠티,경기성남시 분당구,https://www.saramin.co.kr/zf_user/jobs/relay/view?isMypage=no&rec_idx=45173922#seq=0
[개발자 채용] 솔루션 개발 / 프로젝트 수행,크리니티(주),서울금천구,https://www.saramin.co.kr/zf_user/jobs/relay/view?isMypage=no&rec_idx=44935537#seq=0
[주38시간 근무/상장사] (주)엔텔스 주니어 Full-Stack 개발자,(주)엔텔스,서울강남구,https://www.saramin.co.kr/zf_user/jobs/relay/view?isMypage=no&rec_idx=45152861#seq=0
서비스플랫폼그룹 백엔드 개발자 채용,㈜비디,서울구로구,https://www.saramin.co.kr/zf_user/jobs/relay/view?isMypage=no&rec_idx=45171358#seq=0
[KG모빌리언스]가맹점 기술지원/백오피스 유지보수 담당자 모집,(주)케이지모빌리언스,서울중구,https://www.saramin.co.kr/zf_user/jobs/relay/view?isMypage=no&rec_idx=45191948#seq=0
[판교 IT 상장사] 대규모채용. 개발자/엔지니어 (전문연구요원),(주)플랜티넷,경기성남시 분당구,https://www.saramin.co.kr/zf_user/jobs/relay/view?isMypage=no&rec_idx=44896469#seq=0
[유넷시스템] 정보보안 솔루션 개발자 채용,유넷시스템(주),서울영등포구,https://www.saramin.co.kr/zf_user/jobs/relay/view?isMypage=no&rec_idx=44803568#seq=0
(주)포시에스 웹 개발자 (신입/경력) 채용,(주)포시에스,서울강남구,https://www.saramin.co.kr/zf_user/jobs/relay/view?isMypage=no&rec_idx=44900632#seq=0
[NICE페이먼츠] '23년 신입/경력 상시 채용,나이스페이먼츠(주),서울마포구,https://www.saramin.co.kr/zf_user/jobs/relay/view?isMypage=no&rec_idx=45008956#seq=0
[Front-End 및 Back-End 개발자] 신입 및 경력 채용,(주)데이타솔루션,서울강남구,https://www.saramin.co.kr/zf_user/jobs/relay/view?isMypage=no&rec_idx=45062923#seq=0
[조아라/문정오피스] AOS App 개발자 채용,(주)조아라,서울전체,https://www.saramin.co.kr/zf_user/jobs/relay/view?isMypage=no&rec_idx=45184840#seq=0
"[신입/경력]네트워크/정보보안엔지니어,정보기획,품질관리,S/W개발,영업지원,경영지원 모집",(주)넷코아테크,서울성동구,https://www.saramin.co.kr/zf_user/jobs/relay/view?isMypage=no&rec_idx=45166465#seq=0
2023년 상반기 신입/경력 모집,슈어소프트테크(주),경기성남시 수정구,https://www.saramin.co.kr/zf_user/jobs/relay/view?isMypage=no&rec_idx=45006627#seq=0
온라인파워스 2023년 개발자 모집공고,(주)온라인파워스,서울구로구,https://www.saramin.co.kr/zf_user/jobs/relay/view?isMypage=no&rec_idx=45111337#seq=0
[미리디] Jr. 백엔드 개발자 - 이미지 프로세싱,(주)미리디,서울전체,https://www.saramin.co.kr/zf_user/jobs/relay/view?isMypage=no&rec_idx=45203444#seq=0
[NHN크로센트] 각 분야별 개발자 신입/경력 채용,엔에이치엔크로센트(주),서울서초구,https://www.saramin.co.kr/zf_user/jobs/relay/view?isMypage=no&rec_idx=45121348#seq=0
Cloud Engineer 채용,메가존클라우드(주),서울강남구,https://www.saramin.co.kr/zf_user/jobs/relay/view?isMypage=no&rec_idx=45171382#seq=0
(주)더캐리 정보혁신부 IT부문별 공개채용,(주)더캐리,서울용산구,https://www.saramin.co.kr/zf_user/jobs/relay/view?isMypage=no&rec_idx=44858230#seq=0
[Salesforce/업계 1위] 클라우드 플랫폼 개발자(신입/경력),(주)아이투맥스,서울마포구,https://www.saramin.co.kr/zf_user/jobs/relay/view?isMypage=no&rec_idx=45077819#seq=0
[Salesforce/업계 1위] E-커머스 플랫폼 개발자(신입/경력),(주)아이투맥스,서울마포구,https://www.saramin.co.kr/zf_user/jobs/relay/view?isMypage=no&rec_idx=45078010#seq=0
[SE] IT솔루션 시스템 엔지니어 (신입/경력) 모집,(주)디오티스,서울송파구,https://www.saramin.co.kr/zf_user/jobs/relay/view?isMypage=no&rec_idx=45195996#seq=0
Web Application 개발 (신입/경력) 모집,(주)엔투엠,서울영등포구,https://www.saramin.co.kr/zf_user/jobs/relay/view?isMypage=no&rec_idx=44935045#seq=0
(주)탐앤탐스 IT사업부문 2023 상반기 인재채용,(주)탐앤탐스,서울광진구,https://www.saramin.co.kr/zf_user/jobs/relay/view?isMypage=no&rec_idx=45149111#seq=0
[위메프서비스] 검색/리스팅 서비스 주니어 백엔드 개발자,(주)위메프,서울강남구,https://www.saramin.co.kr/zf_user/jobs/relay/view?isMypage=no&rec_idx=45166666#seq=0
[판교 연구소] 2023년 상반기 SW 개발 경력직 연구원 채용,(주)에이텍아이오티,경기성남시 분당구,https://www.saramin.co.kr/zf_user/jobs/relay/view?isMypage=no&rec_idx=45044879#seq=0
개발자/디자이너/PM/PL 신입 및 경력 채용,(주)제머나이소프트,서울전체,https://www.saramin.co.kr/zf_user/jobs/relay/view?isMypage=no&rec_idx=45174161#seq=0
오픈마루 각 부문 신입/경력 직원 채용,오픈마루(주),서울성동구,https://www.saramin.co.kr/zf_user/jobs/relay/view?isMypage=no&rec_idx=45042526#seq=0
"[노르마]각 부문별 개발자 채용(연봉 5,000~7,000/병역특례가능)",(주)노르마,서울성동구,https://www.saramin.co.kr/zf_user/jobs/relay/view?isMypage=no&rec_idx=45028449#seq=0
(주)위즈코리아 23년도 상반기 직무별 신입/경력자 정기채용,(주)위즈코리아,서울강서구,https://www.saramin.co.kr/zf_user/jobs/relay/view?isMypage=no&rec_idx=44862942#seq=0
"[NDsoft]부문별 모집(PM, AI, 번역, 데이터마이닝, 빅데이터)",(주)엔디소프트,서울강남구,https://www.saramin.co.kr/zf_user/jobs/relay/view?isMypage=no&rec_idx=45025027#seq=0
"[NDsoft]부문별 모집[PM, AI, 번역, 빅데이터, 데이터마이닝]",(주)엔디소프트,부산해운대구,https://www.saramin.co.kr/zf_user/jobs/relay/view?isMypage=no&rec_idx=45024978#seq=0
"[NDsoft]부문별 모집[앱개발,Server,Web,네트워크,DB,System]",(주)엔디소프트,부산해운대구,https://www.saramin.co.kr/zf_user/jobs/relay/view?isMypage=no&rec_idx=45024927#seq=0
[신입/경력] 모빌리티 서비스 개발자 채용 (Frontend / Backend),아우토크립트(주),서울영등포구,https://www.saramin.co.kr/zf_user/jobs/relay/view?isMypage=no&rec_idx=45174083#seq=0
[(주)시큐레이어] 기술연구소 상반기 공개채용,(주)시큐레이어,서울성동구,https://www.saramin.co.kr/zf_user/jobs/relay/view?isMypage=no&rec_idx=45019492#seq=0
(주)타이거컴퍼니 상반기 대규모 공개채용,(주)타이거컴퍼니,서울서초구,https://www.saramin.co.kr/zf_user/jobs/relay/view?isMypage=no&rec_idx=45123231#seq=0
공공/금융 SI/SM 업무 및 응용 S/W 개발 신입/경력자 모집,(주)티에스웨이,서울전체,https://www.saramin.co.kr/zf_user/jobs/relay/view?isMypage=no&rec_idx=44920560#seq=0
[ 서울형 강소기업 엠브레이스 ] FrontEnd/BackEnd 개발자 채용,(주)엠브레이스,서울구로구,https://www.saramin.co.kr/zf_user/jobs/relay/view?isMypage=no&rec_idx=45069845#seq=0
[㈜편강] IT 개발팀 웹 개발자 채용(기숙사 제공),(주)편강,서울서초구,https://www.saramin.co.kr/zf_user/jobs/relay/view?isMypage=no&rec_idx=45137600#seq=0
"개발이 좋은 개발자 (경력자, 배워서 가능 하신 분 우대)",㈜레피아,서울성동구,https://www.saramin.co.kr/zf_user/jobs/relay/view?isMypage=no&rec_idx=45146988#seq=0
웹 서비스 - 웹 개발자  직무 채용,(주)게임덱스,경기성남시 분당구,https://www.saramin.co.kr/zf_user/jobs/relay/view?isMypage=no&rec_idx=45118844#seq=0
클라우드 플랫폼 풀스택 개발자 (신입),(주)에이프리카,서울전체,https://www.saramin.co.kr/zf_user/jobs/relay/view?isMypage=no&rec_idx=45143166#seq=0
ERP 운영팀 신입 및 경력직원 모집,(주)영풍문고,서울종로구,https://www.saramin.co.kr/zf_user/jobs/relay/view?isMypage=no&rec_idx=44889127#seq=0
소프트퍼즐 웹 개발자 및 퍼블리셔 공개채용,(주)소프트퍼즐,서울금천구,https://www.saramin.co.kr/zf_user/jobs/relay/view?isMypage=no&rec_idx=45051374#seq=0
